24,9/1/2025 6:28
300,9/1/2025 6:44
129,9/1/2025 7:08
61,9/1/2025 7:12
256,9/1/2025 7:12
42,9/1/2025 7:20
67,9/1/2025 7:21
181,9/1/2025 7:24
307,9/1/2025 7:29
303,9/1/2025 7:29
265,9/1/2025 7:31
1,9/1/2025 7:36
254,9/1/2025 7:36
77,9/1/2025 7:39
13,9/1/2025 7:39
53,9/1/2025 7:39
70,9/1/2025 7:39
14,9/1/2025 7:40
303,9/1/2025 7:41
154,9/1/2025 7:42
19,9/1/2025 7:42
78,9/1/2025 7:46
126,9/1/2025 7:48
302,9/1/2025 7:48
302,9/1/2025 7:48
302,9/1/2025 7:48
11,9/1/2025 7:51
116,9/1/2025 7:59
191,9/1/2025 8:00
16,9/1/2025 8:06
24,9/1/2025 12:01
70,9/1/2025 12:02
303,9/1/2025 12:02
302,9/1/2025 12:02
302,9/1/2025 12:02
78,9/1/2025 12:02
13,9/1/2025 12:02
53,9/1/2025 12:02
77,9/1/2025 12:02
14,9/1/2025 12:04
61,9/1/2025 12:04
154,9/1/2025 12:05
116,9/1/2025 12:05
1,9/1/2025 12:06
16,9/1/2025 12:08
303,9/1/2025 12:08
254,9/1/2025 12:10
256,9/1/2025 12:11
19,9/1/2025 12:14
307,9/1/2025 12:16
300,9/1/2025 12:18
181,9/1/2025 12:19
11,9/1/2025 12:21
16,9/1/2025 12:22
129,9/1/2025 12:23
11,9/1/2025 12:24
303,9/1/2025 12:26
24,9/1/2025 12:28
254,9/1/2025 12:31
256,9/1/2025 12:33
129,9/1/2025 12:35
302,9/1/2025 12:37
302,9/1/2025 12:37
303,9/1/2025 12:37
154,9/1/2025 12:39
78,9/1/2025 12:39
61,9/1/2025 12:39
116,9/1/2025 12:40
67,9/1/2025 12:43
126,9/1/2025 12:43
42,9/1/2025 12:44
265,9/1/2025 12:44
307,9/1/2025 12:46
181,9/1/2025 12:46
42,9/1/2025 12:48
19,9/1/2025 12:49
23,9/1/2025 12:50
300,9/1/2025 12:54
1,9/1/2025 12:54
14,9/1/2025 12:55
23,9/1/2025 12:56
126,9/1/2025 12:57
265,9/1/2025 12:57
70,9/1/2025 12:59
67,9/1/2025 12:59
191,9/1/2025 13:00
191,9/1/2025 13:00
207,9/1/2025 14:07
207,9/1/2025 14:08
70,9/1/2025 15:12
67,9/1/2025 17:00
42,9/1/2025 17:00
14,9/1/2025 17:00
154,9/1/2025 17:00
191,9/1/2025 17:01
254,9/1/2025 17:01
116,9/1/2025 17:02
1,9/1/2025 17:02
13,9/1/2025 17:02
53,9/1/2025 17:02
307,9/1/2025 17:02
300,9/1/2025 17:03
181,9/1/2025 17:04
265,9/1/2025 17:04
126,9/1/2025 17:04
61,9/1/2025 17:05
77,9/1/2025 17:05
11,9/1/2025 17:05
256,9/1/2025 17:05
353,9/1/2025 17:06
19,9/1/2025 17:06
303,9/1/2025 17:06
302,9/1/2025 17:06
302,9/1/2025 17:06
129,9/1/2025 17:07
16,9/1/2025 17:07
23,9/1/2025 17:08
300,9/2/2025 6:26
42,9/2/2025 7:03
24,9/2/2025 7:05
61,9/2/2025 7:22
19,9/2/2025 7:22
307,9/2/2025 7:23
256,9/2/2025 7:23
150,9/2/2025 7:25
254,9/2/2025 7:31
126,9/2/2025 7:36
353,9/2/2025 7:37
181,9/2/2025 7:41
14,9/2/2025 7:42
265,9/2/2025 7:43
53,9/2/2025 7:43
70,9/2/2025 7:48
1,9/2/2025 7:50
302,9/2/2025 7:55
302,9/2/2025 7:55
16,9/2/2025 7:55
116,9/2/2025 7:55
303,9/2/2025 7:57
129,9/2/2025 7:57
191,9/2/2025 8:01
77,9/2/2025 8:02
119,9/2/2025 8:02
11,9/2/2025 8:02
23,9/2/2025 8:07
78,9/2/2025 8:09
148,9/2/2025 8:13
154,9/2/2025 8:23
67,9/2/2025 8:41
24,9/2/2025 12:01
78,9/2/2025 12:01
181,9/2/2025 12:01
307,9/2/2025 12:01
16,9/2/2025 12:01
154,9/2/2025 12:01
14,9/2/2025 12:02
148,9/2/2025 12:02
11,9/2/2025 12:02
303,9/2/2025 12:02
302,9/2/2025 12:02
302,9/2/2025 12:02
129,9/2/2025 12:03
126,9/2/2025 12:03
42,9/2/2025 12:03
265,9/2/2025 12:03
70,9/2/2025 12:04
67,9/2/2025 12:04
353,9/2/2025 12:04
191,9/2/2025 12:05
61,9/2/2025 12:07
78,9/2/2025 12:07
191,9/2/2025 12:07
119,9/2/2025 12:10
119,9/2/2025 12:10
1,9/2/2025 12:13
16,9/2/2025 12:14
70,9/2/2025 12:14
265,9/2/2025 12:15
67,9/2/2025 12:15
53,9/2/2025 12:15
77,9/2/2025 12:15
19,9/2/2025 12:16
150,9/2/2025 12:16
300,9/2/2025 12:16
116,9/2/2025 12:16
256,9/2/2025 12:18
126,9/2/2025 12:22
1,9/2/2025 12:23
24,9/2/2025 12:24
353,9/2/2025 12:27
42,9/2/2025 12:29
256,9/2/2025 12:33
19,9/2/2025 12:36
129,9/2/2025 12:42
119,9/2/2025 12:50
150,9/2/2025 12:50
14,9/2/2025 12:51
307,9/2/2025 12:51
181,9/2/2025 12:51
154,9/2/2025 12:51
148,9/2/2025 12:51
302,9/2/2025 12:53
303,9/2/2025 12:53
116,9/2/2025 12:55
300,9/2/2025 12:55
61,9/2/2025 12:56
53,9/2/2025 12:59
154,9/2/2025 17:00
67,9/2/2025 17:01
61,9/2/2025 17:01
150,9/2/2025 17:01
78,9/2/2025 17:01
191,9/2/2025 17:01
181,9/2/2025 17:01
307,9/2/2025 17:01
256,9/2/2025 17:02
23,9/2/2025 17:02
19,9/2/2025 17:02
77,9/2/2025 17:02
42,9/2/2025 17:02
126,9/2/2025 17:02
265,9/2/2025 17:02
14,9/2/2025 17:02
53,9/2/2025 17:03
70,9/2/2025 17:03
303,9/2/2025 17:03
302,9/2/2025 17:03
302,9/2/2025 17:03
148,9/2/2025 17:04
11,9/2/2025 17:04
119,9/2/2025 17:04
129,9/2/2025 17:05
24,9/2/2025 17:05
353,9/2/2025 17:06
116,9/2/2025 17:06
1,9/2/2025 17:07
300,9/2/2025 17:11
129,9/2/2025 17:11
300,9/3/2025 6:37
307,9/3/2025 7:27
256,9/3/2025 7:28
150,9/3/2025 7:28
24,9/3/2025 7:33
42,9/3/2025 7:45
126,9/3/2025 7:45
70,9/3/2025 7:46
265,9/3/2025 7:47
53,9/3/2025 7:53
13,9/3/2025 7:53
14,9/3/2025 7:55
181,9/3/2025 7:56
129,9/3/2025 7:58
254,9/3/2025 7:58
23,9/3/2025 7:59
77,9/3/2025 8:02
119,9/3/2025 8:02
11,9/3/2025 8:02
1,9/3/2025 8:03
353,9/3/2025 8:05
154,9/3/2025 8:05
19,9/3/2025 8:05
302,9/3/2025 8:08
302,9/3/2025 8:08
116,9/3/2025 8:13
191,9/3/2025 8:19
303,9/3/2025 8:24
148,9/3/2025 8:34
16,9/3/2025 8:40
67,9/3/2025 8:47
78,9/3/2025 9:08
191,9/3/2025 12:03
150,9/3/2025 12:03
70,9/3/2025 12:04
302,9/3/2025 12:04
303,9/3/2025 12:04
302,9/3/2025 12:04
129,9/3/2025 12:04
19,9/3/2025 12:05
16,9/3/2025 12:06
154,9/3/2025 12:06
256,9/3/2025 12:06
191,9/3/2025 12:09
1,9/3/2025 12:09
119,9/3/2025 12:10
23,9/3/2025 12:10
14,9/3/2025 12:12
78,9/3/2025 12:12
307,9/3/2025 12:12
70,9/3/2025 12:13
148,9/3/2025 12:13
116,9/3/2025 12:13
300,9/3/2025 12:13
181,9/3/2025 12:14
150,9/3/2025 12:15
67,9/3/2025 12:21
42,9/3/2025 12:21
265,9/3/2025 12:22
78,9/3/2025 12:22
126,9/3/2025 12:22
1,9/3/2025 12:23
16,9/3/2025 12:23
353,9/3/2025 12:24
24,9/3/2025 12:25
129,9/3/2025 12:26
116,9/3/2025 12:28
256,9/3/2025 12:30
42,9/3/2025 12:31
67,9/3/2025 12:31
254,9/3/2025 12:31
265,9/3/2025 12:31
126,9/3/2025 12:32
353,9/3/2025 12:32
19,9/3/2025 12:36
53,9/3/2025 12:37
300,9/3/2025 12:42
14,9/3/2025 12:43
119,9/3/2025 12:43
254,9/3/2025 12:44
24,9/3/2025 12:45
307,9/3/2025 12:45
148,9/3/2025 12:46
154,9/3/2025 12:46
181,9/3/2025 12:46
303,9/3/2025 12:48
302,9/3/2025 12:48
302,9/3/2025 12:48
23,9/3/2025 12:51
154,9/3/2025 15:06
300,9/3/2025 16:19
67,9/3/2025 16:24
254,9/3/2025 17:00
154,9/3/2025 17:01
42,9/3/2025 17:01
19,9/3/2025 17:01
265,9/3/2025 17:01
126,9/3/2025 17:01
256,9/3/2025 17:01
150,9/3/2025 17:01
70,9/3/2025 17:01
307,9/3/2025 17:01
148,9/3/2025 17:02
181,9/3/2025 17:02
302,9/3/2025 17:02
302,9/3/2025 17:02
303,9/3/2025 17:02
119,9/3/2025 17:02
116,9/3/2025 17:03
78,9/3/2025 17:03
77,9/3/2025 17:03
13,9/3/2025 17:04
53,9/3/2025 17:05
1,9/3/2025 17:05
191,9/3/2025 17:05
24,9/3/2025 17:06
353,9/3/2025 17:09
24,9/3/2025 17:09
129,9/3/2025 17:15
23,9/3/2025 18:40
14,9/3/2025 18:41
300,9/4/2025 6:29
256,9/4/2025 7:07
307,9/4/2025 7:20
24,9/4/2025 7:22
150,9/4/2025 7:24
70,9/4/2025 7:27
42,9/4/2025 7:39
126,9/4/2025 7:39
265,9/4/2025 7:41
154,9/4/2025 7:42
19,9/4/2025 7:42
181,9/4/2025 7:45
11,9/4/2025 7:50
13,9/4/2025 7:52
53,9/4/2025 7:52
61,9/4/2025 7:53
67,9/4/2025 7:53
353,9/4/2025 7:55
78,9/4/2025 7:55
148,9/4/2025 7:57
303,9/4/2025 7:57
254,9/4/2025 7:58
302,9/4/2025 7:59
302,9/4/2025 7:59
16,9/4/2025 7:59
129,9/4/2025 8:00
1,9/4/2025 8:00
14,9/4/2025 8:00
116,9/4/2025 8:01
191,9/4/2025 8:01
119,9/4/2025 8:04
23,9/4/2025 8:36
78,9/4/2025 12:00
1,9/4/2025 12:01
16,9/4/2025 12:02
302,9/4/2025 12:03
302,9/4/2025 12:03
303,9/4/2025 12:03
303,9/4/2025 12:03
353,9/4/2025 12:03
13,9/4/2025 12:03
70,9/4/2025 12:04
24,9/4/2025 12:04
191,9/4/2025 12:04
23,9/4/2025 12:04
61,9/4/2025 12:05
53,9/4/2025 12:06
78,9/4/2025 12:06
148,9/4/2025 12:06
154,9/4/2025 12:06
307,9/4/2025 12:06
150,9/4/2025 12:07
181,9/4/2025 12:07
14,9/4/2025 12:07
14,9/4/2025 12:07
181,9/4/2025 12:07
16,9/4/2025 12:08
19,9/4/2025 12:09
265,9/4/2025 12:12
126,9/4/2025 12:12
77,9/4/2025 12:12
42,9/4/2025 12:15
119,9/4/2025 12:17
129,9/4/2025 12:17
191,9/4/2025 12:17
300,9/4/2025 12:17
116,9/4/2025 12:18
256,9/4/2025 12:18
77,9/4/2025 12:20
77,9/4/2025 12:20
42,9/4/2025 12:20
150,9/4/2025 12:20
126,9/4/2025 12:20
265,9/4/2025 12:20
148,9/4/2025 12:20
67,9/4/2025 12:26
256,9/4/2025 12:26
24,9/4/2025 12:29
1,9/4/2025 12:30
129,9/4/2025 12:36
119,9/4/2025 12:38
19,9/4/2025 12:38
61,9/4/2025 12:39
353,9/4/2025 12:39
23,9/4/2025 12:44
307,9/4/2025 12:45
14,9/4/2025 12:46
181,9/4/2025 12:46
254,9/4/2025 12:46
254,9/4/2025 12:46
154,9/4/2025 12:47
300,9/4/2025 12:49
11,9/4/2025 12:50
116,9/4/2025 12:51
11,9/4/2025 12:51
67,9/4/2025 12:51
302,9/4/2025 12:56
302,9/4/2025 12:56
303,9/4/2025 12:56
303,9/4/2025 12:56
13,9/4/2025 12:56
53,9/4/2025 12:56
70,9/4/2025 12:59
23,9/4/2025 15:30
70,9/4/2025 17:00
126,9/4/2025 17:01
42,9/4/2025 17:01
265,9/4/2025 17:01
154,9/4/2025 17:01
67,9/4/2025 17:01
191,9/4/2025 17:01
14,9/4/2025 17:01
300,9/4/2025 17:01
19,9/4/2025 17:02
256,9/4/2025 17:02
254,9/4/2025 17:02
148,9/4/2025 17:03
78,9/4/2025 17:03
307,9/4/2025 17:03
77,9/4/2025 17:04
24,9/4/2025 17:04
181,9/4/2025 17:04
307,9/4/2025 17:04
353,9/4/2025 17:05
303,9/4/2025 17:05
302,9/4/2025 17:05
302,9/4/2025 17:05
11,9/4/2025 17:06
116,9/4/2025 17:06
1,9/4/2025 17:06
61,9/4/2025 17:08
13,9/4/2025 17:08
53,9/4/2025 17:08
119,9/4/2025 17:17
129,9/4/2025 17:17
16,9/4/2025 17:18
300,9/5/2025 6:36
300,9/5/2025 6:36
24,9/5/2025 7:17
307,9/5/2025 7:25
181,9/5/2025 7:31
256,9/5/2025 7:31
265,9/5/2025 7:35
19,9/5/2025 7:37
42,9/5/2025 7:41
126,9/5/2025 7:42
14,9/5/2025 7:46
70,9/5/2025 7:48
150,9/5/2025 7:48
119,9/5/2025 7:49
353,9/5/2025 7:51
129,9/5/2025 7:55
302,9/5/2025 7:55
302,9/5/2025 7:55
154,9/5/2025 7:56
11,9/5/2025 7:56
61,9/5/2025 7:57
23,9/5/2025 7:59
1,9/5/2025 8:00
254,9/5/2025 8:03
78,9/5/2025 8:03
116,9/5/2025 8:04
191,9/5/2025 8:04
303,9/5/2025 8:04
67,9/5/2025 8:16
53,9/5/2025 8:17
13,9/5/2025 8:26
254,9/5/2025 12:00
14,9/5/2025 12:00
307,9/5/2025 12:00
154,9/5/2025 12:00
307,9/5/2025 12:01
126,9/5/2025 12:01
67,9/5/2025 12:01
265,9/5/2025 12:01
42,9/5/2025 12:02
24,9/5/2025 12:02
150,9/5/2025 12:02
119,9/5/2025 12:02
302,9/5/2025 12:02
302,9/5/2025 12:02
303,9/5/2025 12:02
303,9/5/2025 12:02
181,9/5/2025 12:02
70,9/5/2025 12:03
78,9/5/2025 12:03
256,9/5/2025 12:04
11,9/5/2025 12:05
53,9/5/2025 12:06
61,9/5/2025 12:06
13,9/5/2025 12:07
353,9/5/2025 12:07
129,9/5/2025 12:08
42,9/5/2025 12:10
265,9/5/2025 12:10
116,9/5/2025 12:11
23,9/5/2025 12:11
53,9/5/2025 12:11
13,9/5/2025 12:11
78,9/5/2025 12:12
19,9/5/2025 12:12
191,9/5/2025 12:13
191,9/5/2025 12:14
1,9/5/2025 12:18
126,9/5/2025 12:19
14,9/5/2025 12:20
154,9/5/2025 12:20
307,9/5/2025 12:21
1,9/5/2025 12:28
353,9/5/2025 12:28
19,9/5/2025 12:30
181,9/5/2025 12:31
24,9/5/2025 12:32
11,9/5/2025 12:32
150,9/5/2025 12:36
256,9/5/2025 12:36
70,9/5/2025 12:37
116,9/5/2025 12:37
300,9/5/2025 12:37
129,9/5/2025 12:38
119,9/5/2025 12:41
23,9/5/2025 12:42
67,9/5/2025 12:50
303,9/5/2025 12:51
302,9/5/2025 12:51
302,9/5/2025 12:51
78,9/5/2025 16:13
181,9/5/2025 16:38
13,9/5/2025 16:56
53,9/5/2025 17:00
23,9/5/2025 17:01
150,9/5/2025 17:01
116,9/5/2025 17:01
300,9/5/2025 17:01
19,9/5/2025 17:01
70,9/5/2025 17:01
154,9/5/2025 17:01
1,9/5/2025 17:01
256,9/5/2025 17:01
14,9/5/2025 17:01
191,9/5/2025 17:01
303,9/5/2025 17:02
302,9/5/2025 17:02
302,9/5/2025 17:02
24,9/5/2025 17:02
61,9/5/2025 17:02
126,9/5/2025 17:02
307,9/5/2025 17:02
265,9/5/2025 17:02
42,9/5/2025 17:03
129,9/5/2025 17:03
119,9/5/2025 17:04
307,9/8/2025 6:15
300,9/8/2025 6:31
579,9/8/2025 6:53
154,9/8/2025 6:53
181,9/8/2025 7:08
67,9/8/2025 7:10
19,9/8/2025 7:10
119,9/8/2025 7:16
11,9/8/2025 7:16
129,9/8/2025 7:18
42,9/8/2025 7:28
61,9/8/2025 7:29
150,9/8/2025 7:30
14,9/8/2025 7:30
70,9/8/2025 7:32
126,9/8/2025 7:35
23,9/8/2025 7:35
265,9/8/2025 7:41
13,9/8/2025 7:41
256,9/8/2025 7:42
16,9/8/2025 7:43
1,9/8/2025 7:44
353,9/8/2025 7:55
116,9/8/2025 7:56
148,9/8/2025 7:57
191,9/8/2025 7:59
302,9/8/2025 7:59
302,9/8/2025 7:59
3,9/8/2025 8:04
181,9/8/2025 12:01
307,9/8/2025 12:01
254,9/8/2025 12:01
19,9/8/2025 12:02
148,9/8/2025 12:02
154,9/8/2025 12:02
191,9/8/2025 12:03
579,9/8/2025 12:05
42,9/8/2025 12:07
126,9/8/2025 12:07
256,9/8/2025 12:07
150,9/8/2025 12:08
265,9/8/2025 12:08
13,9/8/2025 12:08
23,9/8/2025 12:09
1,9/8/2025 12:09
119,9/8/2025 12:10
254,9/8/2025 12:10
302,9/8/2025 12:12
302,9/8/2025 12:12
16,9/8/2025 12:13
61,9/8/2025 12:13
126,9/8/2025 12:14
42,9/8/2025 12:14
265,9/8/2025 12:16
302,9/8/2025 12:16
61,9/8/2025 12:18
70,9/8/2025 12:18
67,9/8/2025 12:19
16,9/8/2025 12:19
150,9/8/2025 12:20
353,9/8/2025 12:21
116,9/8/2025 12:21
191,9/8/2025 12:21
129,9/8/2025 12:25
256,9/8/2025 12:32
23,9/8/2025 12:33
300,9/8/2025 12:35
154,9/8/2025 12:36
353,9/8/2025 12:39
148,9/8/2025 12:41
116,9/8/2025 12:42
300,9/8/2025 12:43
307,9/8/2025 12:46
181,9/8/2025 12:46
129,9/8/2025 12:46
1,9/8/2025 12:47
19,9/8/2025 12:48
11,9/8/2025 12:51
119,9/8/2025 12:53
11,9/8/2025 12:53
67,9/8/2025 12:54
13,9/8/2025 12:56
116,9/8/2025 16:27
23,9/8/2025 17:01
307,9/8/2025 17:01
256,9/8/2025 17:01
150,9/8/2025 17:02
19,9/8/2025 17:02
148,9/8/2025 17:02
154,9/8/2025 17:02
1,9/8/2025 17:03
300,9/8/2025 17:03
181,9/8/2025 17:03
70,9/8/2025 17:03
302,9/8/2025 17:05
302,9/8/2025 17:05
11,9/8/2025 17:09
13,9/8/2025 17:09
119,9/8/2025 17:09
353,9/8/2025 17:09
265,9/8/2025 17:09
126,9/8/2025 17:09
42,9/8/2025 17:09
129,9/8/2025 17:12
61,9/8/2025 17:12
67,9/8/2025 17:13
16,9/8/2025 17:24
254,9/8/2025 17:56
191,9/8/2025 17:56
300,9/9/2025 6:19
300,9/9/2025 6:19
307,9/9/2025 7:00
24,9/9/2025 7:09
256,9/9/2025 7:26
61,9/9/2025 7:35
67,9/9/2025 7:35
154,9/9/2025 7:38
19,9/9/2025 7:38
254,9/9/2025 7:38
42,9/9/2025 7:47
70,9/9/2025 7:47
53,9/9/2025 7:47
353,9/9/2025 7:51
150,9/9/2025 7:54
129,9/9/2025 7:56
23,9/9/2025 7:56
1,9/9/2025 7:58
119,9/9/2025 7:58
11,9/9/2025 7:58
191,9/9/2025 7:59
303,9/9/2025 8:01
302,9/9/2025 8:03
302,9/9/2025 8:03
16,9/9/2025 8:05
181,9/9/2025 8:06
148,9/9/2025 8:17
78,9/9/2025 8:34
24,9/9/2025 12:01
150,9/9/2025 12:01
191,9/9/2025 12:03
148,9/9/2025 12:03
302,9/9/2025 12:03
302,9/9/2025 12:03
303,9/9/2025 12:03
129,9/9/2025 12:03
353,9/9/2025 12:04
70,9/9/2025 12:04
119,9/9/2025 12:04
154,9/9/2025 12:05
307,9/9/2025 12:06
16,9/9/2025 12:06
78,9/9/2025 12:07
53,9/9/2025 12:07
256,9/9/2025 12:07
42,9/9/2025 12:09
67,9/9/2025 12:09
254,9/9/2025 12:10
300,9/9/2025 12:11
23,9/9/2025 12:11
181,9/9/2025 12:13
19,9/9/2025 12:13
61,9/9/2025 12:13
23,9/9/2025 12:14
42,9/9/2025 12:20
67,9/9/2025 12:20
150,9/9/2025 12:20
256,9/9/2025 12:21
129,9/9/2025 12:21
191,9/9/2025 12:21
1,9/9/2025 12:22
254,9/9/2025 12:25
16,9/9/2025 12:25
119,9/9/2025 12:27
3,9/9/2025 12:28
11,9/9/2025 12:33
11,9/9/2025 12:37
1,9/9/2025 12:37
19,9/9/2025 12:42
353,9/9/2025 12:42
61,9/9/2025 12:42
307,9/9/2025 12:46
300,9/9/2025 12:50
24,9/9/2025 12:50
181,9/9/2025 12:51
303,9/9/2025 12:52
302,9/9/2025 12:52
302,9/9/2025 12:52
53,9/9/2025 12:52
148,9/9/2025 12:53
154,9/9/2025 12:53
70,9/9/2025 12:59
300,9/9/2025 16:15
303,9/9/2025 16:34
67,9/9/2025 17:00
154,9/9/2025 17:00
42,9/9/2025 17:01
53,9/9/2025 17:01
150,9/9/2025 17:01
78,9/9/2025 17:01
256,9/9/2025 17:01
19,9/9/2025 17:01
1,9/9/2025 17:01
11,9/9/2025 17:01
191,9/9/2025 17:01
23,9/9/2025 17:01
148,9/9/2025 17:02
254,9/9/2025 17:02
302,9/9/2025 17:02
302,9/9/2025 17:02
70,9/9/2025 17:03
353,9/9/2025 17:03
119,9/9/2025 17:03
181,9/9/2025 17:03
307,9/9/2025 17:04
61,9/9/2025 17:04
24,9/9/2025 17:05
129,9/9/2025 17:08
16,9/9/2025 17:08
16,9/9/2025 17:20
300,9/10/2025 7:09
307,9/10/2025 7:17
256,9/10/2025 7:17
24,9/10/2025 7:20
42,9/10/2025 7:35
70,9/10/2025 7:42
53,9/10/2025 7:47
303,9/10/2025 7:50
154,9/10/2025 7:52
19,9/10/2025 7:52
150,9/10/2025 7:52
302,9/10/2025 7:53
302,9/10/2025 7:53
1,9/10/2025 7:54
77,9/10/2025 7:55
119,9/10/2025 7:55
11,9/10/2025 7:56
254,9/10/2025 7:56
23,9/10/2025 7:57
129,9/10/2025 7:58
3,9/10/2025 7:58
16,9/10/2025 7:58
353,9/10/2025 8:01
191,9/10/2025 8:04
181,9/10/2025 8:06
67,9/10/2025 8:16
78,9/10/2025 8:47
78,9/10/2025 12:01
254,9/10/2025 12:01
191,9/10/2025 12:03
181,9/10/2025 12:04
23,9/10/2025 12:04
302,9/10/2025 12:05
303,9/10/2025 12:06
302,9/10/2025 12:06
191,9/10/2025 12:06
191,9/10/2025 12:06
119,9/10/2025 12:06
129,9/10/2025 12:06
154,9/10/2025 12:07
307,9/10/2025 12:07
78,9/10/2025 12:07
19,9/10/2025 12:07
19,9/10/2025 12:08
70,9/10/2025 12:08
53,9/10/2025 12:09
353,9/10/2025 12:10
23,9/10/2025 12:11
42,9/10/2025 12:13
256,9/10/2025 12:13
1,9/10/2025 12:19
300,9/10/2025 12:19
254,9/10/2025 12:19
256,9/10/2025 12:20
24,9/10/2025 12:23
61,9/10/2025 12:24
16,9/10/2025 12:26
67,9/10/2025 12:26
353,9/10/2025 12:29
129,9/10/2025 12:33
181,9/10/2025 12:37
19,9/10/2025 12:37
1,9/10/2025 12:42
300,9/10/2025 12:44
307,9/10/2025 12:45
154,9/10/2025 12:45
42,9/10/2025 12:49
70,9/10/2025 12:50
119,9/10/2025 12:50
302,9/10/2025 12:53
302,9/10/2025 12:53
303,9/10/2025 12:53
303,9/10/2025 12:53
67,9/10/2025 12:54
16,9/10/2025 12:54
53,9/10/2025 12:57
3,9/10/2025 13:02
300,9/10/2025 16:19
154,9/10/2025 17:01
256,9/10/2025 17:01
1,9/10/2025 17:01
191,9/10/2025 17:01
19,9/10/2025 17:01
307,9/10/2025 17:01
77,9/10/2025 17:02
254,9/10/2025 17:02
42,9/10/2025 17:02
67,9/10/2025 17:02
70,9/10/2025 17:03
53,9/10/2025 17:03
181,9/10/2025 17:03
61,9/10/2025 17:04
78,9/10/2025 17:04
353,9/10/2025 17:04
302,9/10/2025 17:04
302,9/10/2025 17:04
303,9/10/2025 17:04
302,9/10/2025 17:04
3,9/10/2025 17:05
24,9/10/2025 17:06
16,9/10/2025 17:11
129,9/10/2025 17:18
119,9/10/2025 17:19
300,9/11/2025 6:56
24,9/11/2025 7:27
254,9/11/2025 7:29
307,9/11/2025 7:35
256,9/11/2025 7:35
129,9/11/2025 7:40
19,9/11/2025 7:42
154,9/11/2025 7:42
181,9/11/2025 7:45
70,9/11/2025 7:47
119,9/11/2025 7:49
42,9/11/2025 7:51
61,9/11/2025 7:57
1,9/11/2025 7:57
77,9/11/2025 7:58
53,9/11/2025 7:58
11,9/11/2025 7:59
3,9/11/2025 7:59
23,9/11/2025 8:00
353,9/11/2025 8:01
302,9/11/2025 8:02
302,9/11/2025 8:03
16,9/11/2025 8:03
150,9/11/2025 8:05
303,9/11/2025 8:13
78,9/11/2025 8:24
148,9/11/2025 8:28
256,9/11/2025 8:59
256,9/11/2025 9:08
70,9/11/2025 12:01
148,9/11/2025 12:01
307,9/11/2025 12:02
14,9/11/2025 12:02
154,9/11/2025 12:02
78,9/11/2025 12:02
353,9/11/2025 12:03
303,9/11/2025 12:03
302,9/11/2025 12:03
1,9/11/2025 12:04
181,9/11/2025 12:05
61,9/11/2025 12:05
16,9/11/2025 12:05
150,9/11/2025 12:06
254,9/11/2025 12:06
19,9/11/2025 12:08
23,9/11/2025 12:08
53,9/11/2025 12:09
61,9/11/2025 12:11
256,9/11/2025 12:12
42,9/11/2025 12:13
42,9/11/2025 12:16
24,9/11/2025 12:23
16,9/11/2025 12:32
119,9/11/2025 12:34
129,9/11/2025 12:34
302,9/11/2025 12:36
303,9/11/2025 12:36
353,9/11/2025 12:36
181,9/11/2025 12:37
256,9/11/2025 12:40
1,9/11/2025 12:40
78,9/11/2025 12:45
154,9/11/2025 12:45
148,9/11/2025 12:45
307,9/11/2025 12:45
150,9/11/2025 12:45
300,9/11/2025 12:46
23,9/11/2025 12:50
129,9/11/2025 12:50
24,9/11/2025 12:54
119,9/11/2025 12:56
70,9/11/2025 12:56
53,9/11/2025 12:57
53,9/11/2025 12:57
300,9/11/2025 12:58
3,9/11/2025 12:58
191,9/11/2025 13:00
300,9/11/2025 16:12
78,9/11/2025 17:00
154,9/11/2025 17:00
77,9/11/2025 17:01
191,9/11/2025 17:01
1,9/11/2025 17:01
150,9/11/2025 17:01
148,9/11/2025 17:02
19,9/11/2025 17:02
256,9/11/2025 17:02
181,9/11/2025 17:03
307,9/11/2025 17:03
53,9/11/2025 17:03
42,9/11/2025 17:04
24,9/11/2025 17:04
11,9/11/2025 17:07
61,9/11/2025 17:07
70,9/11/2025 17:08
302,9/11/2025 17:09
303,9/11/2025 17:09
302,9/11/2025 17:09
254,9/11/2025 17:09
129,9/11/2025 17:10
353,9/11/2025 17:11
23,9/11/2025 17:13
119,9/11/2025 17:15
16,9/11/2025 17:20
24,9/12/2025 7:20
254,9/12/2025 7:22
300,9/12/2025 7:26
42,9/12/2025 7:34
307,9/12/2025 7:39
256,9/12/2025 7:39
119,9/12/2025 7:43
154,9/12/2025 7:45
19,9/12/2025 7:46
129,9/12/2025 7:53
150,9/12/2025 7:53
53,9/12/2025 7:55
70,9/12/2025 7:55
302,9/12/2025 7:57
302,9/12/2025 7:58
77,9/12/2025 7:58
11,9/12/2025 7:58
1,9/12/2025 7:58
191,9/12/2025 7:59
78,9/12/2025 7:59
3,9/12/2025 8:00
16,9/12/2025 8:00
303,9/12/2025 8:02
23,9/12/2025 8:05
181,9/12/2025 8:20
67,9/12/2025 8:46
11,9/12/2025 12:01
23,9/12/2025 12:01
19,9/12/2025 12:01
307,9/12/2025 12:02
70,9/12/2025 12:04
78,9/12/2025 12:04
42,9/12/2025 12:04
67,9/12/2025 12:05
302,9/12/2025 12:05
302,9/12/2025 12:05
303,9/12/2025 12:05
302,9/12/2025 12:05
154,9/12/2025 12:06
302,9/12/2025 12:06
303,9/12/2025 12:07
1,9/12/2025 12:07
150,9/12/2025 12:07
70,9/12/2025 12:08
129,9/12/2025 12:08
129,9/12/2025 12:08
23,9/12/2025 12:08
53,9/12/2025 12:08
181,9/12/2025 12:09
119,9/12/2025 12:10
256,9/12/2025 12:11
11,9/12/2025 12:12
24,9/12/2025 12:13
42,9/12/2025 12:16
67,9/12/2025 12:16
19,9/12/2025 12:25
129,9/12/2025 12:25
256,9/12/2025 12:27
300,9/12/2025 12:30
1,9/12/2025 12:31
24,9/12/2025 12:32
78,9/12/2025 12:32
119,9/12/2025 12:33
154,9/12/2025 12:35
307,9/12/2025 12:45
181,9/12/2025 12:46
300,9/12/2025 12:58
150,9/12/2025 12:58
3,9/12/2025 12:58
579,9/12/2025 16:05
300,9/12/2025 16:07
70,9/12/2025 16:42
129,9/12/2025 16:42
181,9/12/2025 16:49
154,9/12/2025 16:49
23,9/12/2025 16:49
307,9/12/2025 16:50
302,9/12/2025 16:53
302,9/12/2025 16:53
78,9/12/2025 17:01
1,9/12/2025 17:01
303,9/12/2025 17:01
53,9/12/2025 17:01
256,9/12/2025 17:01
150,9/12/2025 17:01
19,9/12/2025 17:02
119,9/12/2025 17:03
254,9/12/2025 17:03
77,9/12/2025 17:04
24,9/12/2025 17:05
61,9/12/2025 17:05
67,9/12/2025 17:05
16,9/12/2025 17:05
42,9/12/2025 17:05
302,9/13/2025 7:48
302,9/13/2025 7:48
303,9/13/2025 7:48
254,9/13/2025 8:00
579,9/13/2025 8:15
302,9/13/2025 12:08
303,9/13/2025 12:08
303,9/13/2025 12:11
302,9/13/2025 12:11
302,9/13/2025 12:11
254,9/13/2025 12:45
254,9/13/2025 12:49
307,9/15/2025 6:38
24,9/15/2025 6:39
300,9/15/2025 6:47
77,9/15/2025 6:53
254,9/15/2025 7:06
256,9/15/2025 7:11
154,9/15/2025 7:11
154,9/15/2025 7:11
181,9/15/2025 7:13
579,9/15/2025 7:18
78,9/15/2025 7:19
42,9/15/2025 7:20
23,9/15/2025 7:20
129,9/15/2025 7:20
19,9/15/2025 7:21
119,9/15/2025 7:21
61,9/15/2025 7:24
13,9/15/2025 7:28
67,9/15/2025 7:29
126,9/15/2025 7:29
116,9/15/2025 7:31
16,9/15/2025 7:37
53,9/15/2025 7:37
265,9/15/2025 7:37
3,9/15/2025 7:50
302,9/15/2025 7:54
191,9/15/2025 7:56
1,9/15/2025 7:56
302,9/15/2025 7:56
303,9/15/2025 7:59
148,9/15/2025 8:02
353,9/15/2025 8:17
3,9/15/2025 8:40
3,9/15/2025 8:43
307,9/15/2025 12:01
303,9/15/2025 12:02
302,9/15/2025 12:02
302,9/15/2025 12:02
77,9/15/2025 12:02
154,9/15/2025 12:03
3,9/15/2025 12:04
78,9/15/2025 12:04
61,9/15/2025 12:04
353,9/15/2025 12:04
148,9/15/2025 12:04
42,9/15/2025 12:05
265,9/15/2025 12:05
256,9/15/2025 12:06
24,9/15/2025 12:07
23,9/15/2025 12:10
181,9/15/2025 12:13
129,9/15/2025 12:14
19,9/15/2025 12:15
53,9/15/2025 12:15
126,9/15/2025 12:15
119,9/15/2025 12:16
13,9/15/2025 12:17
1,9/15/2025 12:17
16,9/15/2025 12:21
116,9/15/2025 12:22
23,9/15/2025 12:25
24,9/15/2025 12:33
181,9/15/2025 12:34
353,9/15/2025 12:34
42,9/15/2025 12:35
61,9/15/2025 12:36
126,9/15/2025 12:38
256,9/15/2025 12:42
67,9/15/2025 12:47
19,9/15/2025 12:47
129,9/15/2025 12:48
148,9/15/2025 12:50
154,9/15/2025 12:51
307,9/15/2025 12:51
3,9/15/2025 12:51
119,9/15/2025 12:51
78,9/15/2025 12:52
303,9/15/2025 12:54
302,9/15/2025 12:54
302,9/15/2025 12:54
1,9/15/2025 12:54
13,9/15/2025 12:56
67,9/15/2025 12:57
53,9/15/2025 12:59
116,9/15/2025 13:00
300,9/15/2025 13:01
300,9/15/2025 13:01
13,9/15/2025 15:49
303,9/15/2025 16:43
154,9/15/2025 17:00
3,9/15/2025 17:00
19,9/15/2025 17:01
53,9/15/2025 17:01
256,9/15/2025 17:01
181,9/15/2025 17:01
302,9/15/2025 17:01
302,9/15/2025 17:01
300,9/15/2025 17:01
307,9/15/2025 17:02
78,9/15/2025 17:02
254,9/15/2025 17:02
61,9/15/2025 17:02
67,9/15/2025 17:02
265,9/15/2025 17:02
1,9/15/2025 17:02
126,9/15/2025 17:04
42,9/15/2025 17:04
24,9/15/2025 17:05
353,9/15/2025 17:06
16,9/15/2025 17:07
119,9/15/2025 17:07
148,9/15/2025 17:08
129,9/15/2025 17:11
579,9/15/2025 17:16
191,9/15/2025 17:17
181,9/16/2025 7:12
300,9/16/2025 7:27
19,9/16/2025 7:36
126,9/16/2025 7:44
42,9/16/2025 7:45
265,9/16/2025 7:46
53,9/16/2025 7:47
307,9/16/2025 7:47
256,9/16/2025 7:47
154,9/16/2025 7:50
67,9/16/2025 7:54
1,9/16/2025 7:54
23,9/16/2025 7:57
3,9/16/2025 7:57
129,9/16/2025 7:57
302,9/16/2025 8:00
302,9/16/2025 8:00
119,9/16/2025 8:01
77,9/16/2025 8:02
116,9/16/2025 8:03
16,9/16/2025 8:07
61,9/16/2025 8:15
353,9/16/2025 8:17
303,9/16/2025 8:30
148,9/16/2025 8:31
254,9/16/2025 8:56
13,9/16/2025 9:14
42,9/16/2025 12:01
16,9/16/2025 12:03
126,9/16/2025 12:03
67,9/16/2025 12:04
265,9/16/2025 12:04
303,9/16/2025 12:04
302,9/16/2025 12:04
302,9/16/2025 12:04
24,9/16/2025 12:04
77,9/16/2025 12:04
300,9/16/2025 12:06
116,9/16/2025 12:07
1,9/16/2025 12:08
126,9/16/2025 12:08
353,9/16/2025 12:08
13,9/16/2025 12:10
61,9/16/2025 12:11
53,9/16/2025 12:12
23,9/16/2025 12:13
148,9/16/2025 12:14
154,9/16/2025 12:14
307,9/16/2025 12:14
181,9/16/2025 12:14
67,9/16/2025 12:16
265,9/16/2025 12:16
1,9/16/2025 12:16
19,9/16/2025 12:17
256,9/16/2025 12:17
13,9/16/2025 12:20
116,9/16/2025 12:25
129,9/16/2025 12:30
353,9/16/2025 12:31
119,9/16/2025 12:35
300,9/16/2025 12:38
181,9/16/2025 12:45
256,9/16/2025 12:45
16,9/16/2025 12:46
19,9/16/2025 12:46
154,9/16/2025 12:47
307,9/16/2025 12:47
148,9/16/2025 12:47
119,9/16/2025 12:51
61,9/16/2025 12:52
303,9/16/2025 12:54
302,9/16/2025 12:54
302,9/16/2025 12:54
129,9/16/2025 12:55
53,9/16/2025 12:57
254,9/16/2025 15:07
154,9/16/2025 15:51
67,9/16/2025 17:01
300,9/16/2025 17:01
53,9/16/2025 17:01
77,9/16/2025 17:01
256,9/16/2025 17:01
303,9/16/2025 17:01
265,9/16/2025 17:01
13,9/16/2025 17:01
181,9/16/2025 17:02
19,9/16/2025 17:02
24,9/16/2025 17:02
307,9/16/2025 17:02
42,9/16/2025 17:03
126,9/16/2025 17:04
148,9/16/2025 17:07
116,9/16/2025 17:08
1,9/16/2025 17:09
353,9/16/2025 17:09
119,9/16/2025 17:10
16,9/16/2025 17:13
302,9/16/2025 17:18
302,9/16/2025 17:18
3,9/16/2025 17:18
129,9/16/2025 17:29
23,9/16/2025 17:42
300,9/17/2025 7:01
300,9/17/2025 7:01
24,9/17/2025 7:17
254,9/17/2025 7:27
307,9/17/2025 7:36
256,9/17/2025 7:36
126,9/17/2025 7:37
13,9/17/2025 7:40
53,9/17/2025 7:40
265,9/17/2025 7:40
67,9/17/2025 7:43
78,9/17/2025 7:45
70,9/17/2025 7:47
42,9/17/2025 7:49
19,9/17/2025 7:50
116,9/17/2025 7:54
129,9/17/2025 7:54
1,9/17/2025 7:54
181,9/17/2025 7:54
119,9/17/2025 7:56
11,9/17/2025 7:58
3,9/17/2025 7:59
302,9/17/2025 7:59
302,9/17/2025 8:00
16,9/17/2025 8:02
303,9/17/2025 8:06
23,9/17/2025 8:25
307,9/17/2025 12:00
181,9/17/2025 12:01
70,9/17/2025 12:01
78,9/17/2025 12:02
265,9/17/2025 12:02
302,9/17/2025 12:02
302,9/17/2025 12:02
42,9/17/2025 12:02
67,9/17/2025 12:02
126,9/17/2025 12:02
13,9/17/2025 12:03
353,9/17/2025 12:03
53,9/17/2025 12:03
24,9/17/2025 12:04
23,9/17/2025 12:04
70,9/17/2025 12:05
1,9/17/2025 12:05
19,9/17/2025 12:07
302,9/17/2025 12:08
302,9/17/2025 12:08
303,9/17/2025 12:08
23,9/17/2025 12:10
119,9/17/2025 12:13
129,9/17/2025 12:14
300,9/17/2025 12:14
256,9/17/2025 12:16
16,9/17/2025 12:16
1,9/17/2025 12:19
24,9/17/2025 12:22
256,9/17/2025 12:24
78,9/17/2025 12:25
67,9/17/2025 12:25
353,9/17/2025 12:26
42,9/17/2025 12:30
126,9/17/2025 12:30
265,9/17/2025 12:30
254,9/17/2025 12:30
19,9/17/2025 12:34
300,9/17/2025 12:36
148,9/17/2025 12:39
16,9/17/2025 12:44
3,9/17/2025 12:46
129,9/17/2025 12:46
119,9/17/2025 12:48
307,9/17/2025 12:51
181,9/17/2025 12:51
303,9/17/2025 12:51
13,9/17/2025 12:55
53,9/17/2025 12:59
300,9/17/2025 16:24
23,9/17/2025 17:01
78,9/17/2025 17:01
19,9/17/2025 17:01
13,9/17/2025 17:01
256,9/17/2025 17:01
53,9/17/2025 17:01
254,9/17/2025 17:01
302,9/17/2025 17:01
302,9/17/2025 17:01
303,9/17/2025 17:01
303,9/17/2025 17:02
70,9/17/2025 17:02
307,9/17/2025 17:02
1,9/17/2025 17:03
148,9/17/2025 17:03
265,9/17/2025 17:04
42,9/17/2025 17:04
181,9/17/2025 17:04
11,9/17/2025 17:05
126,9/17/2025 17:05
119,9/17/2025 17:05
129,9/17/2025 17:07
579,9/17/2025 17:07
24,9/17/2025 17:07
353,9/17/2025 17:11
3,9/17/2025 17:28
67,9/18/2025 7:08
256,9/18/2025 7:12
24,9/18/2025 7:16
61,9/18/2025 7:23
126,9/18/2025 7:37
181,9/18/2025 7:40
53,9/18/2025 7:42
265,9/18/2025 7:42
307,9/18/2025 7:42
70,9/18/2025 7:45
19,9/18/2025 7:46
148,9/18/2025 7:47
129,9/18/2025 7:47
42,9/18/2025 7:48
579,9/18/2025 7:51
13,9/18/2025 7:53
1,9/18/2025 7:53
3,9/18/2025 7:56
254,9/18/2025 7:56
353,9/18/2025 7:57
78,9/18/2025 7:57
16,9/18/2025 7:57
77,9/18/2025 7:59
11,9/18/2025 7:59
119,9/18/2025 7:59
302,9/18/2025 7:59
302,9/18/2025 7:59
116,9/18/2025 8:01
303,9/18/2025 8:07
191,9/18/2025 8:27
78,9/18/2025 12:01
24,9/18/2025 12:02
307,9/18/2025 12:02
3,9/18/2025 12:02
303,9/18/2025 12:02
302,9/18/2025 12:02
302,9/18/2025 12:02
353,9/18/2025 12:02
302,9/18/2025 12:03
13,9/18/2025 12:04
53,9/18/2025 12:05
70,9/18/2025 12:05
78,9/18/2025 12:06
148,9/18/2025 12:07
181,9/18/2025 12:07
181,9/18/2025 12:07
181,9/18/2025 12:07
119,9/18/2025 12:10
129,9/18/2025 12:10
42,9/18/2025 12:10
67,9/18/2025 12:11
265,9/18/2025 12:11
126,9/18/2025 12:11
256,9/18/2025 12:11
19,9/18/2025 12:12
1,9/18/2025 12:14
256,9/18/2025 12:16
126,9/18/2025 12:16
42,9/18/2025 12:16
116,9/18/2025 12:17
265,9/18/2025 12:18
67,9/18/2025 12:18
353,9/18/2025 12:21
16,9/18/2025 12:24
24,9/18/2025 12:26
70,9/18/2025 12:28
19,9/18/2025 12:28
181,9/18/2025 12:37
307,9/18/2025 12:37
191,9/18/2025 12:39
191,9/18/2025 12:42
256,9/18/2025 12:43
1,9/18/2025 12:46
303,9/18/2025 12:47
302,9/18/2025 12:47
302,9/18/2025 12:47
129,9/18/2025 12:50
116,9/18/2025 13:00
61,9/18/2025 13:06
303,9/18/2025 13:34
19,9/18/2025 17:01
67,9/18/2025 17:01
256,9/18/2025 17:01
181,9/18/2025 17:02
78,9/18/2025 17:02
61,9/18/2025 17:02
265,9/18/2025 17:02
307,9/18/2025 17:03
77,9/18/2025 17:03
116,9/18/2025 17:03
126,9/18/2025 17:03
42,9/18/2025 17:03
24,9/18/2025 17:04
1,9/18/2025 17:05
254,9/18/2025 17:05
302,9/18/2025 17:07
302,9/18/2025 17:07
191,9/18/2025 17:07
13,9/18/2025 17:07
53,9/18/2025 17:07
70,9/18/2025 17:08
119,9/18/2025 17:08
11,9/18/2025 17:09
353,9/18/2025 17:12
129,9/18/2025 17:23
16,9/18/2025 17:25
67,9/19/2025 6:55
307,9/19/2025 7:20
254,9/19/2025 7:22
181,9/19/2025 7:23
24,9/19/2025 7:31
154,9/19/2025 7:40
129,9/19/2025 7:41
256,9/19/2025 7:42
42,9/19/2025 7:46
126,9/19/2025 7:49
13,9/19/2025 7:50
53,9/19/2025 7:51
265,9/19/2025 7:51
3,9/19/2025 7:52
579,9/19/2025 7:53
61,9/19/2025 7:53
119,9/19/2025 7:54
11,9/19/2025 7:54
191,9/19/2025 7:55
70,9/19/2025 7:56
16,9/19/2025 7:56
302,9/19/2025 7:56
302,9/19/2025 7:56
78,9/19/2025 7:57
353,9/19/2025 7:58
1,9/19/2025 8:03
303,9/19/2025 8:06
116,9/19/2025 8:12
77,9/19/2025 8:53
154,9/19/2025 12:00
307,9/19/2025 12:01
3,9/19/2025 12:03
13,9/19/2025 12:03
77,9/19/2025 12:03
53,9/19/2025 12:03
78,9/19/2025 12:03
191,9/19/2025 12:03
302,9/19/2025 12:04
302,9/19/2025 12:04
303,9/19/2025 12:04
303,9/19/2025 12:04
353,9/19/2025 12:04
61,9/19/2025 12:05
129,9/19/2025 12:05
181,9/19/2025 12:06
1,9/19/2025 12:10
67,9/19/2025 12:10
42,9/19/2025 12:10
265,9/19/2025 12:10
126,9/19/2025 12:10
191,9/19/2025 12:11
154,9/19/2025 12:13
24,9/19/2025 12:13
78,9/19/2025 12:14
254,9/19/2025 12:14
16,9/19/2025 12:15
254,9/19/2025 12:15
129,9/19/2025 12:18
42,9/19/2025 12:19
126,9/19/2025 12:19
265,9/19/2025 12:20
67,9/19/2025 12:20
119,9/19/2025 12:26
1,9/19/2025 12:33
24,9/19/2025 12:34
116,9/19/2025 12:34
181,9/19/2025 12:37
307,9/19/2025 12:37
16,9/19/2025 12:37
256,9/19/2025 12:37
119,9/19/2025 12:43
11,9/19/2025 12:47
116,9/19/2025 12:48
13,9/19/2025 12:48
256,9/19/2025 12:50
24,9/19/2025 12:52
303,9/19/2025 12:55
302,9/19/2025 12:55
302,9/19/2025 12:55
302,9/19/2025 12:55
353,9/19/2025 12:56
3,9/19/2025 12:57
53,9/19/2025 13:00
13,9/19/2025 15:07
61,9/19/2025 16:16
579,9/19/2025 17:01
307,9/19/2025 17:01
77,9/19/2025 17:01
154,9/19/2025 17:01
78,9/19/2025 17:01
53,9/19/2025 17:01
24,9/19/2025 17:01
70,9/19/2025 17:01
256,9/19/2025 17:02
181,9/19/2025 17:02
302,9/19/2025 17:02
303,9/19/2025 17:02
302,9/19/2025 17:02
265,9/19/2025 17:03
129,9/19/2025 17:04
191,9/19/2025 17:05
11,9/19/2025 17:05
67,9/19/2025 17:05
126,9/19/2025 17:05
119,9/19/2025 17:05
254,9/19/2025 17:05
42,9/19/2025 17:06
353,9/19/2025 17:08
16,9/19/2025 17:10
116,9/19/2025 17:15
1,9/19/2025 17:15
24,9/22/2025 6:42
307,9/22/2025 6:46
256,9/22/2025 6:59
42,9/22/2025 6:59
154,9/22/2025 7:01
181,9/22/2025 7:14
67,9/22/2025 7:15
77,9/22/2025 7:15
254,9/22/2025 7:18
61,9/22/2025 7:20
19,9/22/2025 7:24
119,9/22/2025 7:29
70,9/22/2025 7:29
126,9/22/2025 7:36
53,9/22/2025 7:41
265,9/22/2025 7:41
303,9/22/2025 7:42
116,9/22/2025 7:53
3,9/22/2025 7:54
148,9/22/2025 7:54
191,9/22/2025 7:56
1,9/22/2025 7:56
302,9/22/2025 7:59
302,9/22/2025 7:59
302,9/22/2025 7:59
353,9/22/2025 8:12
307,9/22/2025 12:01
254,9/22/2025 12:01
154,9/22/2025 12:01
24,9/22/2025 12:01
19,9/22/2025 12:03
119,9/22/2025 12:04
70,9/22/2025 12:04
67,9/22/2025 12:04
42,9/22/2025 12:04
191,9/22/2025 12:04
265,9/22/2025 12:05
181,9/22/2025 12:05
126,9/22/2025 12:05
148,9/22/2025 12:07
70,9/22/2025 12:08
77,9/22/2025 12:08
353,9/22/2025 12:11
302,9/22/2025 12:11
302,9/22/2025 12:11
303,9/22/2025 12:11
53,9/22/2025 12:12
256,9/22/2025 12:12
254,9/22/2025 12:17
42,9/22/2025 12:19
126,9/22/2025 12:19
67,9/22/2025 12:19
265,9/22/2025 12:19
116,9/22/2025 12:20
191,9/22/2025 12:23
307,9/22/2025 12:24
353,9/22/2025 12:33
154,9/22/2025 12:33
256,9/22/2025 12:35
19,9/22/2025 12:36
148,9/22/2025 12:39
3,9/22/2025 12:40
119,9/22/2025 12:46
24,9/22/2025 12:46
116,9/22/2025 12:52
1,9/22/2025 12:52
181,9/22/2025 12:53
1,9/22/2025 12:53
303,9/22/2025 12:55
302,9/22/2025 12:55
302,9/22/2025 12:55
53,9/22/2025 12:56
78,9/22/2025 13:02
154,9/22/2025 17:00
19,9/22/2025 17:00
256,9/22/2025 17:01
256,9/22/2025 17:01
191,9/22/2025 17:01
70,9/22/2025 17:01
24,9/22/2025 17:02
78,9/22/2025 17:02
77,9/22/2025 17:02
148,9/22/2025 17:02
116,9/22/2025 17:02
181,9/22/2025 17:02
53,9/22/2025 17:03
265,9/22/2025 17:03
42,9/22/2025 17:03
307,9/22/2025 17:03
254,9/22/2025 17:03
1,9/22/2025 17:03
303,9/22/2025 17:03
302,9/22/2025 17:03
302,9/22/2025 17:03
119,9/22/2025 17:04
67,9/22/2025 17:04
61,9/22/2025 17:04
353,9/22/2025 17:08
307,9/23/2025 7:09
256,9/23/2025 7:26
254,9/23/2025 7:35
181,9/23/2025 7:36
42,9/23/2025 7:39
19,9/23/2025 7:41
126,9/23/2025 7:41
67,9/23/2025 7:41
53,9/23/2025 7:48
265,9/23/2025 7:49
3,9/23/2025 7:51
23,9/23/2025 7:51
78,9/23/2025 7:51
129,9/23/2025 7:52
61,9/23/2025 7:56
148,9/23/2025 8:00
303,9/23/2025 8:00
302,9/23/2025 8:01
302,9/23/2025 8:01
116,9/23/2025 8:20
1,9/23/2025 8:45
3,9/23/2025 12:00
78,9/23/2025 12:01
254,9/23/2025 12:01
302,9/23/2025 12:02
302,9/23/2025 12:02
303,9/23/2025 12:02
303,9/23/2025 12:02
129,9/23/2025 12:06
1,9/23/2025 12:07
78,9/23/2025 12:08
61,9/23/2025 12:09
256,9/23/2025 12:12
19,9/23/2025 12:13
67,9/23/2025 12:14
42,9/23/2025 12:14
126,9/23/2025 12:14
265,9/23/2025 12:14
53,9/23/2025 12:14
307,9/23/2025 12:16
181,9/23/2025 12:16
23,9/23/2025 12:20
42,9/23/2025 12:26
67,9/23/2025 12:26
265,9/23/2025 12:26
126,9/23/2025 12:26
116,9/23/2025 12:28
23,9/23/2025 12:30
148,9/23/2025 12:32
19,9/23/2025 12:33
116,9/23/2025 12:41
129,9/23/2025 12:44
307,9/23/2025 12:45
181,9/23/2025 12:46
154,9/23/2025 12:52
256,9/23/2025 12:53
303,9/23/2025 12:54
303,9/23/2025 12:54
302,9/23/2025 12:54
302,9/23/2025 12:54
61,9/23/2025 12:55
148,9/23/2025 12:56
3,9/23/2025 12:58
154,9/23/2025 16:57
116,9/23/2025 17:00
1,9/23/2025 17:01
78,9/23/2025 17:01
23,9/23/2025 17:01
254,9/23/2025 17:01
181,9/23/2025 17:01
265,9/23/2025 17:01
256,9/23/2025 17:01
19,9/23/2025 17:01
126,9/23/2025 17:02
67,9/23/2025 17:02
53,9/23/2025 17:02
42,9/23/2025 17:02
307,9/23/2025 17:02
61,9/23/2025 17:03
148,9/23/2025 17:03
191,9/23/2025 17:03
302,9/23/2025 17:04
302,9/23/2025 17:04
303,9/23/2025 17:04
129,9/23/2025 17:17
307,9/24/2025 7:04
300,9/24/2025 7:22
24,9/24/2025 7:28
256,9/24/2025 7:29
254,9/24/2025 7:41
181,9/24/2025 7:43
42,9/24/2025 7:43
265,9/24/2025 7:45
78,9/24/2025 7:51
23,9/24/2025 7:53
129,9/24/2025 7:53
129,9/24/2025 7:54
16,9/24/2025 7:55
53,9/24/2025 7:56
1,9/24/2025 7:56
119,9/24/2025 7:58
3,9/24/2025 7:58
353,9/24/2025 7:58
61,9/24/2025 7:58
116,9/24/2025 7:59
302,9/24/2025 7:59
302,9/24/2025 7:59
19,9/24/2025 8:01
303,9/24/2025 8:04
191,9/24/2025 8:13
70,9/24/2025 8:14
154,9/24/2025 8:15
148,9/24/2025 8:19
77,9/24/2025 9:01
67,9/24/2025 9:27
24,9/24/2025 12:01
254,9/24/2025 12:01
129,9/24/2025 12:03
191,9/24/2025 12:03
70,9/24/2025 12:03
3,9/24/2025 12:04
16,9/24/2025 12:04
78,9/24/2025 12:04
77,9/24/2025 12:04
119,9/24/2025 12:04
303,9/24/2025 12:05
302,9/24/2025 12:05
302,9/24/2025 12:05
307,9/24/2025 12:06
61,9/24/2025 12:07
53,9/24/2025 12:07
19,9/24/2025 12:07
116,9/24/2025 12:07
256,9/24/2025 12:09
42,9/24/2025 12:10
265,9/24/2025 12:10
353,9/24/2025 12:11
1,9/24/2025 12:11
300,9/24/2025 12:12
23,9/24/2025 12:12
181,9/24/2025 12:12
61,9/24/2025 12:14
154,9/24/2025 12:15
70,9/24/2025 12:15
148,9/24/2025 12:17
78,9/24/2025 12:17
23,9/24/2025 12:19
42,9/24/2025 12:21
265,9/24/2025 12:21
16,9/24/2025 12:24
67,9/24/2025 12:24
256,9/24/2025 12:25
191,9/24/2025 12:30
154,9/24/2025 12:31
353,9/24/2025 12:32
53,9/24/2025 12:33
19,9/24/2025 12:35
119,9/24/2025 12:41
129,9/24/2025 12:42
129,9/24/2025 12:42
300,9/24/2025 12:45
307,9/24/2025 12:46
181,9/24/2025 12:47
24,9/24/2025 12:48
254,9/24/2025 12:50
303,9/24/2025 12:50
302,9/24/2025 12:51
302,9/24/2025 12:51
77,9/24/2025 12:52
67,9/24/2025 12:53
1,9/24/2025 12:53
116,9/24/2025 12:53
148,9/24/2025 12:57
254,9/24/2025 17:00
256,9/24/2025 17:00
19,9/24/2025 17:01
148,9/24/2025 17:01
77,9/24/2025 17:01
181,9/24/2025 17:01
78,9/24/2025 17:01
307,9/24/2025 17:01
70,9/24/2025 17:02
24,9/24/2025 17:02
154,9/24/2025 17:03
61,9/24/2025 17:03
302,9/24/2025 17:04
302,9/24/2025 17:04
303,9/24/2025 17:04
265,9/24/2025 17:04
53,9/24/2025 17:04
42,9/24/2025 17:04
300,9/24/2025 17:05
129,9/24/2025 17:05
67,9/24/2025 17:05
16,9/24/2025 17:05
116,9/24/2025 17:06
1,9/24/2025 17:07
191,9/24/2025 17:10
353,9/24/2025 17:10
119,9/24/2025 17:11
129,9/24/2025 17:11
23,9/24/2025 17:25
300,9/25/2025 6:58
307,9/25/2025 7:13
256,9/25/2025 7:13
181,9/25/2025 7:14
24,9/25/2025 7:29
19,9/25/2025 7:33
126,9/25/2025 7:34
154,9/25/2025 7:37
42,9/25/2025 7:37
265,9/25/2025 7:46
67,9/25/2025 7:46
70,9/25/2025 7:48
61,9/25/2025 7:51
23,9/25/2025 7:52
191,9/25/2025 7:53
13,9/25/2025 7:53
53,9/25/2025 7:53
119,9/25/2025 7:54
77,9/25/2025 7:54
353,9/25/2025 7:58
1,9/25/2025 7:58
129,9/25/2025 7:59
116,9/25/2025 8:01
78,9/25/2025 8:04
303,9/25/2025 8:07
148,9/25/2025 8:13
302,9/25/2025 8:14
302,9/25/2025 8:15
16,9/25/2025 8:27
254,9/25/2025 8:30
70,9/25/2025 12:01
19,9/25/2025 12:02
191,9/25/2025 12:02
303,9/25/2025 12:04
302,9/25/2025 12:04
302,9/25/2025 12:04
307,9/25/2025 12:04
42,9/25/2025 12:04
67,9/25/2025 12:04
126,9/25/2025 12:04
181,9/25/2025 12:04
254,9/25/2025 12:04
148,9/25/2025 12:05
116,9/25/2025 12:05
265,9/25/2025 12:05
300,9/25/2025 12:06
1,9/25/2025 12:07
23,9/25/2025 12:10
70,9/25/2025 12:10
119,9/25/2025 12:12
129,9/25/2025 12:12
13,9/25/2025 12:13
353,9/25/2025 12:15
67,9/25/2025 12:16
126,9/25/2025 12:17
154,9/25/2025 12:17
256,9/25/2025 12:17
265,9/25/2025 12:18
24,9/25/2025 12:19
16,9/25/2025 12:19
11,9/25/2025 12:19
61,9/25/2025 12:20
254,9/25/2025 12:20
78,9/25/2025 12:21
16,9/25/2025 12:22
53,9/25/2025 12:24
23,9/25/2025 12:27
19,9/25/2025 12:35
256,9/25/2025 12:35
19,9/25/2025 12:35
191,9/25/2025 12:41
24,9/25/2025 12:45
154,9/25/2025 12:45
307,9/25/2025 12:45
148,9/25/2025 12:46
181,9/25/2025 12:46
78,9/25/2025 12:49
1,9/25/2025 12:49
70,9/25/2025 12:49
353,9/25/2025 12:50
61,9/25/2025 12:51
303,9/25/2025 12:52
302,9/25/2025 12:52
302,9/25/2025 12:52
11,9/25/2025 12:53
129,9/25/2025 12:53
119,9/25/2025 12:54
300,9/25/2025 12:54
116,9/25/2025 12:54
53,9/25/2025 12:57
42,9/25/2025 12:57
148,9/25/2025 16:21
300,9/25/2025 16:35
181,9/25/2025 17:02
77,9/25/2025 17:02
265,9/25/2025 17:02
307,9/25/2025 17:02
70,9/25/2025 17:02
154,9/25/2025 17:02
42,9/25/2025 17:03
126,9/25/2025 17:03
256,9/25/2025 17:03
303,9/25/2025 17:03
302,9/25/2025 17:03
302,9/25/2025 17:03
19,9/25/2025 17:04
67,9/25/2025 17:05
11,9/25/2025 17:05
13,9/25/2025 17:06
53,9/25/2025 17:06
353,9/25/2025 17:09
254,9/25/2025 17:09
116,9/25/2025 17:11
119,9/25/2025 17:11
23,9/25/2025 17:13
129,9/25/2025 17:15
24,9/25/2025 17:35
16,9/25/2025 17:47
1,9/25/2025 17:47
61,9/25/2025 18:09
191,9/25/2025 18:47
254,9/26/2025 7:21
181,9/26/2025 7:27
307,9/26/2025 7:28
256,9/26/2025 7:28
24,9/26/2025 7:31
265,9/26/2025 7:32
129,9/26/2025 7:40
42,9/26/2025 7:42
126,9/26/2025 7:42
300,9/26/2025 7:47
19,9/26/2025 7:47
53,9/26/2025 7:48
70,9/26/2025 7:52
19,9/26/2025 7:55
1,9/26/2025 8:02
119,9/26/2025 8:02
11,9/26/2025 8:02
61,9/26/2025 8:04
353,9/26/2025 8:06
23,9/26/2025 8:07
303,9/26/2025 8:09
302,9/26/2025 8:14
302,9/26/2025 8:14
77,9/26/2025 9:13
77,9/26/2025 9:13
61,9/26/2025 12:02
70,9/26/2025 12:03
302,9/26/2025 12:03
302,9/26/2025 12:03
303,9/26/2025 12:03
303,9/26/2025 12:03
353,9/26/2025 12:03
23,9/26/2025 12:03
129,9/26/2025 12:05
256,9/26/2025 12:09
77,9/26/2025 12:09
53,9/26/2025 12:10
42,9/26/2025 12:10
265,9/26/2025 12:10
126,9/26/2025 12:10
24,9/26/2025 12:10
42,9/26/2025 12:13
254,9/26/2025 12:14
181,9/26/2025 12:14
307,9/26/2025 12:15
265,9/26/2025 12:17
254,9/26/2025 12:17
19,9/26/2025 12:18
119,9/26/2025 12:21
119,9/26/2025 12:21
256,9/26/2025 12:33
24,9/26/2025 12:37
300,9/26/2025 12:43
1,9/26/2025 12:44
307,9/26/2025 12:45
181,9/26/2025 12:46
19,9/26/2025 12:47
119,9/26/2025 12:48
129,9/26/2025 12:50
191,9/26/2025 12:56
1,9/26/2025 12:58
53,9/26/2025 12:58
300,9/26/2025 13:02
353,9/26/2025 13:46
181,9/26/2025 17:00
307,9/26/2025 17:00
53,9/26/2025 17:00
256,9/26/2025 17:00
19,9/26/2025 17:01
119,9/26/2025 17:01
61,9/26/2025 17:02
303,9/26/2025 17:02
70,9/26/2025 17:02
302,9/26/2025 17:02
302,9/26/2025 17:02
191,9/26/2025 17:03
265,9/26/2025 17:03
42,9/26/2025 17:04
300,9/26/2025 17:05
353,9/26/2025 17:08
1,9/26/2025 17:14
77,9/26/2025 17:19
24,9/26/2025 17:19
307,9/29/2025 6:27
24,9/29/2025 6:39
579,9/29/2025 7:00
300,9/29/2025 7:06
181,9/29/2025 7:11
61,9/29/2025 7:11
42,9/29/2025 7:15
150,9/29/2025 7:16
256,9/29/2025 7:23
129,9/29/2025 7:24
119,9/29/2025 7:26
23,9/29/2025 7:35
53,9/29/2025 7:38
265,9/29/2025 7:38
70,9/29/2025 7:39
19,9/29/2025 7:40
67,9/29/2025 7:40
16,9/29/2025 7:42
126,9/29/2025 7:49
254,9/29/2025 7:53
3,9/29/2025 7:57
154,9/29/2025 7:59
191,9/29/2025 8:02
1,9/29/2025 8:04
116,9/29/2025 8:06
302,9/29/2025 8:07
302,9/29/2025 8:07
13,9/29/2025 8:08
11,9/29/2025 8:14
148,9/29/2025 8:14
353,9/29/2025 8:17
19,9/29/2025 12:02
23,9/29/2025 12:03
67,9/29/2025 12:03
126,9/29/2025 12:04
24,9/29/2025 12:05
256,9/29/2025 12:07
150,9/29/2025 12:07
19,9/29/2025 12:07
148,9/29/2025 12:09
307,9/29/2025 12:09
70,9/29/2025 12:10
353,9/29/2025 12:13
53,9/29/2025 12:14
16,9/29/2025 12:21
265,9/29/2025 12:21
3,9/29/2025 12:21
42,9/29/2025 12:21
254,9/29/2025 12:21
181,9/29/2025 12:22
13,9/29/2025 12:25
24,9/29/2025 12:29
300,9/29/2025 12:31
116,9/29/2025 12:31
1,9/29/2025 12:31
70,9/29/2025 12:32
353,9/29/2025 12:35
129,9/29/2025 12:35
307,9/29/2025 12:35
119,9/29/2025 12:35
119,9/29/2025 12:36
154,9/29/2025 12:36
148,9/29/2025 12:36
77,9/29/2025 12:36
61,9/29/2025 12:38
13,9/29/2025 12:41
23,9/29/2025 12:44
191,9/29/2025 12:44
16,9/29/2025 12:45
181,9/29/2025 12:46
191,9/29/2025 12:46
302,9/29/2025 12:46
302,9/29/2025 12:47
256,9/29/2025 12:48
42,9/29/2025 12:50
265,9/29/2025 12:50
302,9/29/2025 12:50
119,9/29/2025 12:50
129,9/29/2025 12:50
150,9/29/2025 12:52
116,9/29/2025 12:52
300,9/29/2025 12:52
1,9/29/2025 12:53
61,9/29/2025 12:53
126,9/29/2025 12:54
67,9/29/2025 12:55
154,9/29/2025 12:59
53,9/29/2025 12:59
23,9/29/2025 15:50
154,9/29/2025 17:00
256,9/29/2025 17:00
116,9/29/2025 17:01
181,9/29/2025 17:01
1,9/29/2025 17:01
300,9/29/2025 17:01
150,9/29/2025 17:01
61,9/29/2025 17:02
307,9/29/2025 17:02
70,9/29/2025 17:03
302,9/29/2025 17:03
77,9/29/2025 17:03
302,9/29/2025 17:03
11,9/29/2025 17:04
265,9/29/2025 17:06
119,9/29/2025 17:07
13,9/29/2025 17:08
53,9/29/2025 17:09
24,9/29/2025 17:09
579,9/29/2025 17:09
148,9/29/2025 17:10
353,9/29/2025 17:11
42,9/29/2025 17:11
126,9/29/2025 17:11
191,9/29/2025 17:14
16,9/29/2025 17:18
67,9/29/2025 23:16
67,9/30/2025 6:20
256,9/30/2025 7:13
303,9/30/2025 7:13
307,9/30/2025 7:13
42,9/30/2025 7:25
300,9/30/2025 7:27
24,9/30/2025 7:28
126,9/30/2025 7:34
13,9/30/2025 7:38
265,9/30/2025 7:38
353,9/30/2025 7:38
254,9/30/2025 7:39
129,9/30/2025 7:47
150,9/30/2025 7:48
77,9/30/2025 7:50
11,9/30/2025 7:50
119,9/30/2025 7:50
181,9/30/2025 7:50
191,9/30/2025 7:55
53,9/30/2025 7:57
23,9/30/2025 7:57
3,9/30/2025 7:57
1,9/30/2025 7:59
302,9/30/2025 8:06
148,9/30/2025 8:09
16,9/30/2025 8:22
78,9/30/2025 8:26
116,9/30/2025 8:58
307,9/30/2025 12:01
148,9/30/2025 12:01
3,9/30/2025 12:01
23,9/30/2025 12:01
254,9/30/2025 12:01
181,9/30/2025 12:02
78,9/30/2025 12:02
67,9/30/2025 12:02
126,9/30/2025 12:02
42,9/30/2025 12:03
265,9/30/2025 12:03
353,9/30/2025 12:05
61,9/30/2025 12:05
303,9/30/2025 12:05
302,9/30/2025 12:05
302,9/30/2025 12:05
256,9/30/2025 12:06
150,9/30/2025 12:07
78,9/30/2025 12:10
16,9/30/2025 12:14
24,9/30/2025 12:15
53,9/30/2025 12:16
77,9/30/2025 12:16
129,9/30/2025 12:22
119,9/30/2025 12:24
256,9/30/2025 12:28
300,9/30/2025 12:28
116,9/30/2025 12:28
1,9/30/2025 12:28
150,9/30/2025 12:29
13,9/30/2025 12:43
53,9/30/2025 12:44
77,9/30/2025 12:44
119,9/30/2025 12:44
24,9/30/2025 12:44
42,9/30/2025 12:45
265,9/30/2025 12:45
254,9/30/2025 12:45
126,9/30/2025 12:45
148,9/30/2025 12:46
307,9/30/2025 12:46
16,9/30/2025 12:47
1,9/30/2025 12:47
181,9/30/2025 12:47
13,9/30/2025 12:51
302,9/30/2025 12:54
302,9/30/2025 12:54
300,9/30/2025 12:54
353,9/30/2025 12:54
116,9/30/2025 12:55
61,9/30/2025 12:56
303,9/30/2025 12:57
67,9/30/2025 13:00
3,9/30/2025 13:00
191,9/30/2025 13:02
23,9/30/2025 17:00
256,9/30/2025 17:00
1,9/30/2025 17:02
150,9/30/2025 17:03
116,9/30/2025 17:03
78,9/30/2025 17:03
77,9/30/2025 17:03
307,9/30/2025 17:03
181,9/30/2025 17:05
303,9/30/2025 17:05
302,9/30/2025 17:05
302,9/30/2025 17:05
24,9/30/2025 17:05
148,9/30/2025 17:05
11,9/30/2025 17:07
61,9/30/2025 17:07
579,9/30/2025 17:10
119,9/30/2025 17:10
13,9/30/2025 17:11
53,9/30/2025 17:11
16,9/30/2025 17:13
126,9/30/2025 17:19
42,9/30/2025 17:19
265,9/30/2025 17:19
67,9/30/2025 17:20
129,9/30/2025 17:26
353,9/30/2025 17:37
