bio_id,biometrics_time
307,8/1/2025 7:14
254,8/1/2025 7:15
254,8/1/2025 7:15
508,8/1/2025 7:17
510,8/1/2025 7:23
300,8/1/2025 7:24
154,8/1/2025 7:36
19,8/1/2025 7:36
265,8/1/2025 7:41
53,8/1/2025 7:41
126,8/1/2025 7:47
42,8/1/2025 7:47
505,8/1/2025 7:49
256,8/1/2025 7:50
514,8/1/2025 7:50
70,8/1/2025 7:52
513,8/1/2025 7:52
302,8/1/2025 7:54
302,8/1/2025 7:54
119,8/1/2025 7:55
11,8/1/2025 7:55
303,8/1/2025 7:55
150,8/1/2025 7:56
504,8/1/2025 7:59
500,8/1/2025 7:59
3,8/1/2025 7:59
501,8/1/2025 8:00
511,8/1/2025 8:00
129,8/1/2025 8:01
518,8/1/2025 8:01
509,8/1/2025 8:01
502,8/1/2025 8:01
506,8/1/2025 8:02
1,8/1/2025 8:03
515,8/1/2025 8:05
507,8/1/2025 8:05
67,8/1/2025 8:07
116,8/1/2025 8:08
78,8/1/2025 8:15
512,8/1/2025 8:16
16,8/1/2025 8:18
148,8/1/2025 8:27
517,8/1/2025 8:28
181,8/1/2025 8:44
516,8/1/2025 8:48
505,8/1/2025 11:36
515,8/1/2025 11:36
505,8/1/2025 11:36
515,8/1/2025 11:36
508,8/1/2025 11:38
514,8/1/2025 11:57
3,8/1/2025 12:00
148,8/1/2025 12:00
500,8/1/2025 12:00
504,8/1/2025 12:00
307,8/1/2025 12:00
518,8/1/2025 12:01
506,8/1/2025 12:01
507,8/1/2025 12:01
501,8/1/2025 12:01
579,8/1/2025 12:01
502,8/1/2025 12:02
303,8/1/2025 12:02
302,8/1/2025 12:03
11,8/1/2025 12:03
42,8/1/2025 12:03
265,8/1/2025 12:03
126,8/1/2025 12:03
116,8/1/2025 12:03
16,8/1/2025 12:03
19,8/1/2025 12:04
23,8/1/2025 12:04
509,8/1/2025 12:04
302,8/1/2025 12:08
302,8/1/2025 12:08
303,8/1/2025 12:08
303,8/1/2025 12:08
256,8/1/2025 12:09
511,8/1/2025 12:10
154,8/1/2025 12:11
181,8/1/2025 12:12
11,8/1/2025 12:13
1,8/1/2025 12:14
510,8/1/2025 12:15
510,8/1/2025 12:16
150,8/1/2025 12:16
16,8/1/2025 12:21
119,8/1/2025 12:21
1,8/1/2025 12:22
505,8/1/2025 12:23
512,8/1/2025 12:23
513,8/1/2025 12:23
504,8/1/2025 12:26
500,8/1/2025 12:26
514,8/1/2025 12:26
514,8/1/2025 12:26
502,8/1/2025 12:26
116,8/1/2025 12:30
19,8/1/2025 12:32
501,8/1/2025 12:33
513,8/1/2025 12:33
516,8/1/2025 12:38
509,8/1/2025 12:39
518,8/1/2025 12:39
506,8/1/2025 12:39
67,8/1/2025 12:39
129,8/1/2025 12:41
181,8/1/2025 12:42
307,8/1/2025 12:42
148,8/1/2025 12:42
507,8/1/2025 12:42
512,8/1/2025 12:46
256,8/1/2025 12:47
516,8/1/2025 12:47
154,8/1/2025 12:47
129,8/1/2025 12:50
67,8/1/2025 12:53
126,8/1/2025 12:57
42,8/1/2025 12:57
265,8/1/2025 12:57
23,8/1/2025 12:57
517,8/1/2025 12:57
517,8/1/2025 12:58
3,8/1/2025 12:59
254,8/1/2025 13:00
254,8/1/2025 13:00
154,8/1/2025 13:03
191,8/1/2025 13:27
14,8/1/2025 13:27
508,8/1/2025 13:40
126,8/1/2025 15:06
504,8/1/2025 16:01
500,8/1/2025 16:01
514,8/1/2025 16:01
508,8/1/2025 16:01
515,8/1/2025 16:01
510,8/1/2025 16:08
516,8/1/2025 16:08
181,8/1/2025 16:14
116,8/1/2025 16:49
1,8/1/2025 17:01
129,8/1/2025 17:01
78,8/1/2025 17:01
19,8/1/2025 17:01
256,8/1/2025 17:01
70,8/1/2025 17:02
67,8/1/2025 17:03
303,8/1/2025 17:03
302,8/1/2025 17:03
302,8/1/2025 17:03
14,8/1/2025 17:03
14,8/1/2025 17:03
53,8/1/2025 17:04
148,8/1/2025 17:04
23,8/1/2025 17:04
265,8/1/2025 17:04
42,8/1/2025 17:04
307,8/1/2025 17:04
119,8/1/2025 17:04
254,8/1/2025 17:09
191,8/1/2025 17:12
11,8/1/2025 17:12
579,8/1/2025 17:12
518,8/1/2025 17:18
506,8/1/2025 17:18
509,8/1/2025 17:18
516,8/1/2025 17:18
513,8/1/2025 17:18
511,8/1/2025 17:18
510,8/1/2025 17:18
505,8/1/2025 17:18
517,8/1/2025 17:18
501,8/1/2025 17:18
512,8/1/2025 17:18
507,8/1/2025 17:18
502,8/1/2025 17:18
16,8/1/2025 17:22
24,8/4/2025 6:20
129,8/4/2025 6:57
307,8/4/2025 7:04
256,8/4/2025 7:05
42,8/4/2025 7:06
254,8/4/2025 7:06
23,8/4/2025 7:20
70,8/4/2025 7:20
150,8/4/2025 7:21
119,8/4/2025 7:22
181,8/4/2025 7:23
511,8/4/2025 7:28
510,8/4/2025 7:28
154,8/4/2025 7:28
3,8/4/2025 7:31
14,8/4/2025 7:32
78,8/4/2025 7:33
19,8/4/2025 7:35
67,8/4/2025 7:35
1,8/4/2025 7:36
265,8/4/2025 7:37
513,8/4/2025 7:46
191,8/4/2025 7:48
303,8/4/2025 7:48
53,8/4/2025 7:50
13,8/4/2025 7:50
506,8/4/2025 7:52
116,8/4/2025 7:53
504,8/4/2025 7:55
500,8/4/2025 7:55
508,8/4/2025 7:55
505,8/4/2025 7:56
516,8/4/2025 7:58
502,8/4/2025 7:59
503,8/4/2025 7:59
501,8/4/2025 8:01
514,8/4/2025 8:06
509,8/4/2025 8:06
518,8/4/2025 8:06
507,8/4/2025 8:11
515,8/4/2025 8:11
148,8/4/2025 8:13
512,8/4/2025 8:27
517,8/4/2025 8:32
515,8/4/2025 11:49
507,8/4/2025 11:49
508,8/4/2025 11:49
505,8/4/2025 11:52
502,8/4/2025 11:56
503,8/4/2025 11:56
501,8/4/2025 12:01
506,8/4/2025 12:01
509,8/4/2025 12:01
504,8/4/2025 12:01
518,8/4/2025 12:01
500,8/4/2025 12:01
514,8/4/2025 12:01
303,8/4/2025 12:01
256,8/4/2025 12:01
150,8/4/2025 12:02
254,8/4/2025 12:02
78,8/4/2025 12:02
307,8/4/2025 12:02
154,8/4/2025 12:03
148,8/4/2025 12:03
14,8/4/2025 12:03
129,8/4/2025 12:03
181,8/4/2025 12:04
19,8/4/2025 12:04
78,8/4/2025 12:06
3,8/4/2025 12:07
191,8/4/2025 12:09
254,8/4/2025 12:10
191,8/4/2025 12:11
11,8/4/2025 12:15
24,8/4/2025 12:15
256,8/4/2025 12:18
513,8/4/2025 12:31
511,8/4/2025 12:31
502,8/4/2025 12:32
503,8/4/2025 12:32
516,8/4/2025 12:32
512,8/4/2025 12:32
510,8/4/2025 12:32
510,8/4/2025 12:33
516,8/4/2025 12:34
506,8/4/2025 12:34
518,8/4/2025 12:34
509,8/4/2025 12:34
119,8/4/2025 12:34
1,8/4/2025 12:35
23,8/4/2025 12:36
129,8/4/2025 12:38
19,8/4/2025 12:40
507,8/4/2025 12:43
505,8/4/2025 12:43
508,8/4/2025 12:43
515,8/4/2025 12:44
154,8/4/2025 12:46
13,8/4/2025 12:47
53,8/4/2025 12:47
181,8/4/2025 12:49
181,8/4/2025 12:49
14,8/4/2025 12:49
307,8/4/2025 12:50
307,8/4/2025 12:50
517,8/4/2025 12:50
150,8/4/2025 12:50
116,8/4/2025 12:50
67,8/4/2025 12:51
23,8/4/2025 12:51
504,8/4/2025 12:51
500,8/4/2025 12:51
514,8/4/2025 12:51
517,8/4/2025 12:51
511,8/4/2025 12:52
513,8/4/2025 12:52
512,8/4/2025 12:52
148,8/4/2025 12:52
24,8/4/2025 12:53
53,8/4/2025 12:57
13,8/4/2025 12:57
42,8/4/2025 12:57
265,8/4/2025 12:57
67,8/4/2025 12:57
116,8/4/2025 13:00
119,8/4/2025 13:00
1,8/4/2025 13:01
501,8/4/2025 13:03
510,8/4/2025 16:50
516,8/4/2025 16:52
511,8/4/2025 16:52
513,8/4/2025 16:53
501,8/4/2025 16:56
154,8/4/2025 17:00
70,8/4/2025 17:01
517,8/4/2025 17:01
505,8/4/2025 17:01
514,8/4/2025 17:01
502,8/4/2025 17:01
503,8/4/2025 17:01
500,8/4/2025 17:01
512,8/4/2025 17:01
508,8/4/2025 17:01
506,8/4/2025 17:02
518,8/4/2025 17:02
303,8/4/2025 17:02
19,8/4/2025 17:02
507,8/4/2025 17:02
78,8/4/2025 17:02
150,8/4/2025 17:02
515,8/4/2025 17:02
504,8/4/2025 17:02
256,8/4/2025 17:03
181,8/4/2025 17:03
67,8/4/2025 17:03
265,8/4/2025 17:04
42,8/4/2025 17:04
509,8/4/2025 17:04
11,8/4/2025 17:04
191,8/4/2025 17:04
254,8/4/2025 17:04
24,8/4/2025 17:06
1,8/4/2025 17:07
119,8/4/2025 17:07
13,8/4/2025 17:07
148,8/4/2025 17:07
14,8/4/2025 17:07
14,8/4/2025 17:07
116,8/4/2025 17:08
129,8/4/2025 17:08
254,8/4/2025 17:08
254,8/5/2025 6:52
508,8/5/2025 7:02
307,8/5/2025 7:03
514,8/5/2025 7:03
24,8/5/2025 7:10
511,8/5/2025 7:26
510,8/5/2025 7:28
256,8/5/2025 7:32
515,8/5/2025 7:33
507,8/5/2025 7:33
150,8/5/2025 7:38
1,8/5/2025 7:38
67,8/5/2025 7:38
70,8/5/2025 7:40
19,8/5/2025 7:44
14,8/5/2025 7:44
509,8/5/2025 7:46
181,8/5/2025 7:46
119,8/5/2025 7:46
13,8/5/2025 7:46
53,8/5/2025 7:47
265,8/5/2025 7:47
42,8/5/2025 7:47
506,8/5/2025 7:47
502,8/5/2025 7:49
503,8/5/2025 7:49
191,8/5/2025 7:50
302,8/5/2025 7:51
302,8/5/2025 7:51
513,8/5/2025 7:51
505,8/5/2025 7:53
77,8/5/2025 7:55
11,8/5/2025 7:55
129,8/5/2025 7:56
504,8/5/2025 7:57
500,8/5/2025 7:57
3,8/5/2025 7:57
61,8/5/2025 7:58
116,8/5/2025 8:00
16,8/5/2025 8:01
518,8/5/2025 8:05
512,8/5/2025 8:06
148,8/5/2025 8:07
516,8/5/2025 8:11
303,8/5/2025 8:11
154,8/5/2025 8:12
78,8/5/2025 8:14
517,8/5/2025 8:46
513,8/5/2025 11:51
513,8/5/2025 11:51
511,8/5/2025 11:51
507,8/5/2025 11:52
508,8/5/2025 11:55
505,8/5/2025 11:55
515,8/5/2025 11:55
181,8/5/2025 12:01
148,8/5/2025 12:01
307,8/5/2025 12:01
504,8/5/2025 12:01
500,8/5/2025 12:01
514,8/5/2025 12:01
14,8/5/2025 12:02
509,8/5/2025 12:03
506,8/5/2025 12:03
265,8/5/2025 12:03
256,8/5/2025 12:03
518,8/5/2025 12:03
78,8/5/2025 12:05
191,8/5/2025 12:05
154,8/5/2025 12:05
254,8/5/2025 12:06
13,8/5/2025 12:06
19,8/5/2025 12:07
503,8/5/2025 12:07
303,8/5/2025 12:12
302,8/5/2025 12:12
302,8/5/2025 12:12
24,8/5/2025 12:13
78,8/5/2025 12:13
512,8/5/2025 12:13
14,8/5/2025 12:14
1,8/5/2025 12:15
11,8/5/2025 12:16
119,8/5/2025 12:17
129,8/5/2025 12:18
16,8/5/2025 12:19
150,8/5/2025 12:19
61,8/5/2025 12:19
191,8/5/2025 12:20
516,8/5/2025 12:21
510,8/5/2025 12:21
510,8/5/2025 12:22
509,8/5/2025 12:23
116,8/5/2025 12:23
518,8/5/2025 12:24
506,8/5/2025 12:24
129,8/5/2025 12:31
254,8/5/2025 12:31
507,8/5/2025 12:31
503,8/5/2025 12:34
502,8/5/2025 12:34
502,8/5/2025 12:34
148,8/5/2025 12:39
256,8/5/2025 12:39
154,8/5/2025 12:40
1,8/5/2025 12:42
16,8/5/2025 12:43
513,8/5/2025 12:43
500,8/5/2025 12:43
514,8/5/2025 12:43
504,8/5/2025 12:43
119,8/5/2025 12:43
517,8/5/2025 12:44
505,8/5/2025 12:44
508,8/5/2025 12:44
515,8/5/2025 12:44
517,8/5/2025 12:44
307,8/5/2025 12:46
67,8/5/2025 12:46
181,8/5/2025 12:46
61,8/5/2025 12:47
150,8/5/2025 12:49
24,8/5/2025 12:49
511,8/5/2025 12:53
516,8/5/2025 12:53
116,8/5/2025 12:54
303,8/5/2025 12:55
302,8/5/2025 12:55
302,8/5/2025 12:55
19,8/5/2025 12:56
70,8/5/2025 12:56
11,8/5/2025 12:59
512,8/5/2025 12:59
67,8/5/2025 12:59
181,8/5/2025 14:46
67,8/5/2025 16:28
67,8/5/2025 16:47
513,8/5/2025 16:56
511,8/5/2025 16:56
510,8/5/2025 16:56
516,8/5/2025 16:56
508,8/5/2025 16:59
517,8/5/2025 17:00
514,8/5/2025 17:00
1,8/5/2025 17:00
507,8/5/2025 17:01
504,8/5/2025 17:01
508,8/5/2025 17:01
500,8/5/2025 17:01
515,8/5/2025 17:01
512,8/5/2025 17:01
154,8/5/2025 17:01
14,8/5/2025 17:01
19,8/5/2025 17:01
506,8/5/2025 17:01
518,8/5/2025 17:01
254,8/5/2025 17:02
256,8/5/2025 17:02
509,8/5/2025 17:02
148,8/5/2025 17:03
307,8/5/2025 17:03
150,8/5/2025 17:03
42,8/5/2025 17:03
70,8/5/2025 17:03
265,8/5/2025 17:04
505,8/5/2025 17:06
502,8/5/2025 17:06
503,8/5/2025 17:06
116,8/5/2025 17:06
16,8/5/2025 17:07
303,8/5/2025 17:08
302,8/5/2025 17:08
13,8/5/2025 17:09
53,8/5/2025 17:09
77,8/5/2025 17:09
78,8/5/2025 17:11
11,8/5/2025 17:12
191,8/5/2025 17:12
24,8/5/2025 17:13
61,8/5/2025 17:14
119,8/5/2025 17:31
129,8/5/2025 17:31
508,8/6/2025 7:05
514,8/6/2025 7:06
256,8/6/2025 7:06
300,8/6/2025 7:14
307,8/6/2025 7:20
24,8/6/2025 7:27
510,8/6/2025 7:29
14,8/6/2025 7:30
42,8/6/2025 7:34
19,8/6/2025 7:36
67,8/6/2025 7:36
254,8/6/2025 7:39
11,8/6/2025 7:42
13,8/6/2025 7:44
53,8/6/2025 7:44
265,8/6/2025 7:44
150,8/6/2025 7:44
1,8/6/2025 7:45
126,8/6/2025 7:45
70,8/6/2025 7:46
191,8/6/2025 7:46
513,8/6/2025 7:50
500,8/6/2025 7:50
504,8/6/2025 7:50
505,8/6/2025 7:52
129,8/6/2025 7:52
3,8/6/2025 7:53
119,8/6/2025 7:58
303,8/6/2025 7:58
517,8/6/2025 7:58
148,8/6/2025 7:59
16,8/6/2025 7:59
579,8/6/2025 7:59
116,8/6/2025 8:00
515,8/6/2025 8:00
507,8/6/2025 8:00
509,8/6/2025 8:05
503,8/6/2025 8:05
502,8/6/2025 8:05
61,8/6/2025 8:10
78,8/6/2025 8:11
302,8/6/2025 8:12
302,8/6/2025 8:12
181,8/6/2025 8:13
506,8/6/2025 8:16
512,8/6/2025 8:17
516,8/6/2025 8:29
77,8/6/2025 9:22
181,8/6/2025 12:02
70,8/6/2025 12:02
150,8/6/2025 12:02
61,8/6/2025 12:02
303,8/6/2025 12:02
302,8/6/2025 12:02
302,8/6/2025 12:02
505,8/6/2025 12:04
503,8/6/2025 12:04
502,8/6/2025 12:04
504,8/6/2025 12:04
515,8/6/2025 12:05
507,8/6/2025 12:05
191,8/6/2025 12:05
256,8/6/2025 12:05
42,8/6/2025 12:05
500,8/6/2025 12:05
514,8/6/2025 12:05
1,8/6/2025 12:05
307,8/6/2025 12:06
14,8/6/2025 12:07
78,8/6/2025 12:08
148,8/6/2025 12:08
70,8/6/2025 12:08
61,8/6/2025 12:08
303,8/6/2025 12:09
302,8/6/2025 12:09
16,8/6/2025 12:11
129,8/6/2025 12:11
42,8/6/2025 12:12
19,8/6/2025 12:12
24,8/6/2025 12:13
3,8/6/2025 12:13
254,8/6/2025 12:15
265,8/6/2025 12:17
509,8/6/2025 12:18
509,8/6/2025 12:18
512,8/6/2025 12:19
116,8/6/2025 12:19
150,8/6/2025 12:20
78,8/6/2025 12:21
129,8/6/2025 12:22
119,8/6/2025 12:23
506,8/6/2025 12:23
508,8/6/2025 12:23
517,8/6/2025 12:24
517,8/6/2025 12:24
16,8/6/2025 12:24
14,8/6/2025 12:25
1,8/6/2025 12:27
500,8/6/2025 12:28
514,8/6/2025 12:28
504,8/6/2025 12:28
256,8/6/2025 12:29
507,8/6/2025 12:29
502,8/6/2025 12:33
503,8/6/2025 12:33
515,8/6/2025 12:33
505,8/6/2025 12:33
307,8/6/2025 12:34
148,8/6/2025 12:34
181,8/6/2025 12:34
254,8/6/2025 12:36
67,8/6/2025 12:40
24,8/6/2025 12:41
116,8/6/2025 12:41
191,8/6/2025 12:42
513,8/6/2025 12:48
516,8/6/2025 12:48
510,8/6/2025 12:48
516,8/6/2025 12:49
510,8/6/2025 12:49
513,8/6/2025 12:49
119,8/6/2025 12:49
506,8/6/2025 12:50
508,8/6/2025 12:50
512,8/6/2025 12:50
300,8/6/2025 12:52
11,8/6/2025 12:56
11,8/6/2025 12:57
67,8/6/2025 12:58
19,8/6/2025 12:58
509,8/6/2025 13:00
513,8/6/2025 16:52
513,8/6/2025 16:52
516,8/6/2025 16:52
181,8/6/2025 16:54
502,8/6/2025 17:01
505,8/6/2025 17:01
503,8/6/2025 17:01
506,8/6/2025 17:01
514,8/6/2025 17:01
508,8/6/2025 17:01
517,8/6/2025 17:01
510,8/6/2025 17:01
512,8/6/2025 17:01
507,8/6/2025 17:01
500,8/6/2025 17:01
504,8/6/2025 17:01
515,8/6/2025 17:01
19,8/6/2025 17:02
256,8/6/2025 17:02
77,8/6/2025 17:02
150,8/6/2025 17:03
254,8/6/2025 17:03
307,8/6/2025 17:03
78,8/6/2025 17:03
14,8/6/2025 17:03
70,8/6/2025 17:04
11,8/6/2025 17:04
67,8/6/2025 17:04
303,8/6/2025 17:05
302,8/6/2025 17:05
509,8/6/2025 17:05
53,8/6/2025 17:06
13,8/6/2025 17:06
16,8/6/2025 17:06
24,8/6/2025 17:06
116,8/6/2025 17:06
191,8/6/2025 17:06
1,8/6/2025 17:07
300,8/6/2025 17:07
265,8/6/2025 17:10
126,8/6/2025 17:10
42,8/6/2025 17:10
119,8/6/2025 17:11
129,8/6/2025 17:11
61,8/6/2025 17:12
148,8/6/2025 17:13
508,8/7/2025 6:53
307,8/7/2025 7:04
256,8/7/2025 7:04
514,8/7/2025 7:04
300,8/7/2025 7:27
24,8/7/2025 7:27
505,8/7/2025 7:30
42,8/7/2025 7:34
126,8/7/2025 7:34
510,8/7/2025 7:34
511,8/7/2025 7:35
13,8/7/2025 7:36
265,8/7/2025 7:36
53,8/7/2025 7:36
14,8/7/2025 7:40
77,8/7/2025 7:42
70,8/7/2025 7:45
154,8/7/2025 7:48
67,8/7/2025 7:48
119,8/7/2025 7:50
1,8/7/2025 7:50
150,8/7/2025 7:53
513,8/7/2025 7:53
129,8/7/2025 7:54
191,8/7/2025 7:54
19,8/7/2025 7:56
3,8/7/2025 7:56
16,8/7/2025 7:57
302,8/7/2025 7:58
302,8/7/2025 7:58
504,8/7/2025 7:58
500,8/7/2025 7:58
116,8/7/2025 7:59
254,8/7/2025 7:59
518,8/7/2025 7:59
503,8/7/2025 8:00
502,8/7/2025 8:00
515,8/7/2025 8:00
507,8/7/2025 8:00
148,8/7/2025 8:02
506,8/7/2025 8:03
512,8/7/2025 8:04
78,8/7/2025 8:07
303,8/7/2025 8:11
181,8/7/2025 8:15
509,8/7/2025 8:19
517,8/7/2025 8:20
516,8/7/2025 8:47
503,8/7/2025 11:56
502,8/7/2025 11:56
500,8/7/2025 12:01
514,8/7/2025 12:01
508,8/7/2025 12:01
507,8/7/2025 12:01
515,8/7/2025 12:01
505,8/7/2025 12:01
504,8/7/2025 12:01
148,8/7/2025 12:01
303,8/7/2025 12:02
302,8/7/2025 12:02
302,8/7/2025 12:02
16,8/7/2025 12:02
509,8/7/2025 12:03
1,8/7/2025 12:03
506,8/7/2025 12:03
518,8/7/2025 12:03
14,8/7/2025 12:04
154,8/7/2025 12:05
307,8/7/2025 12:05
150,8/7/2025 12:05
78,8/7/2025 12:06
265,8/7/2025 12:06
16,8/7/2025 12:07
191,8/7/2025 12:08
256,8/7/2025 12:09
300,8/7/2025 12:10
181,8/7/2025 12:10
119,8/7/2025 12:11
24,8/7/2025 12:12
512,8/7/2025 12:14
303,8/7/2025 12:14
302,8/7/2025 12:14
302,8/7/2025 12:14
78,8/7/2025 12:17
116,8/7/2025 12:18
42,8/7/2025 12:20
254,8/7/2025 12:20
265,8/7/2025 12:20
265,8/7/2025 12:20
509,8/7/2025 12:20
16,8/7/2025 12:20
116,8/7/2025 12:29
300,8/7/2025 12:30
507,8/7/2025 12:30
129,8/7/2025 12:31
517,8/7/2025 12:31
510,8/7/2025 12:31
511,8/7/2025 12:31
516,8/7/2025 12:32
511,8/7/2025 12:32
510,8/7/2025 12:32
516,8/7/2025 12:32
517,8/7/2025 12:32
148,8/7/2025 12:34
24,8/7/2025 12:34
19,8/7/2025 12:36
254,8/7/2025 12:36
256,8/7/2025 12:36
191,8/7/2025 12:37
67,8/7/2025 12:38
14,8/7/2025 12:40
150,8/7/2025 12:42
154,8/7/2025 12:45
126,8/7/2025 12:45
500,8/7/2025 12:46
514,8/7/2025 12:46
504,8/7/2025 12:46
513,8/7/2025 12:48
505,8/7/2025 12:50
502,8/7/2025 12:50
508,8/7/2025 12:50
3,8/7/2025 12:50
515,8/7/2025 12:50
126,8/7/2025 12:51
503,8/7/2025 12:51
19,8/7/2025 12:52
181,8/7/2025 12:52
307,8/7/2025 12:52
512,8/7/2025 12:53
513,8/7/2025 12:55
67,8/7/2025 12:58
129,8/7/2025 12:58
119,8/7/2025 12:58
1,8/7/2025 13:01
516,8/7/2025 16:53
516,8/7/2025 16:53
513,8/7/2025 16:55
511,8/7/2025 16:55
510,8/7/2025 16:58
505,8/7/2025 17:00
517,8/7/2025 17:00
154,8/7/2025 17:00
512,8/7/2025 17:00
3,8/7/2025 17:01
78,8/7/2025 17:01
77,8/7/2025 17:01
500,8/7/2025 17:01
19,8/7/2025 17:01
518,8/7/2025 17:01
507,8/7/2025 17:01
508,8/7/2025 17:01
150,8/7/2025 17:02
503,8/7/2025 17:02
504,8/7/2025 17:02
502,8/7/2025 17:02
514,8/7/2025 17:02
256,8/7/2025 17:02
70,8/7/2025 17:02
254,8/7/2025 17:02
119,8/7/2025 17:02
515,8/7/2025 17:03
509,8/7/2025 17:03
13,8/7/2025 17:03
53,8/7/2025 17:03
181,8/7/2025 17:03
14,8/7/2025 17:04
307,8/7/2025 17:04
303,8/7/2025 17:04
302,8/7/2025 17:05
302,8/7/2025 17:05
129,8/7/2025 17:05
1,8/7/2025 17:05
265,8/7/2025 17:08
126,8/7/2025 17:08
42,8/7/2025 17:08
116,8/7/2025 17:08
300,8/7/2025 17:08
67,8/7/2025 17:08
148,8/7/2025 17:10
24,8/7/2025 17:31
579,8/7/2025 17:31
191,8/7/2025 17:32
16,8/7/2025 17:39
511,8/8/2025 6:12
513,8/8/2025 6:12
14,8/8/2025 6:41
42,8/8/2025 6:48
126,8/8/2025 6:48
265,8/8/2025 6:48
67,8/8/2025 6:48
19,8/8/2025 6:48
119,8/8/2025 6:49
256,8/8/2025 6:54
77,8/8/2025 7:01
507,8/8/2025 7:04
150,8/8/2025 7:04
515,8/8/2025 7:05
505,8/8/2025 7:05
508,8/8/2025 7:05
504,8/8/2025 7:05
500,8/8/2025 7:06
514,8/8/2025 7:06
300,8/8/2025 7:07
16,8/8/2025 7:11
1,8/8/2025 7:38
116,8/8/2025 7:44
70,8/8/2025 7:49
13,8/8/2025 7:50
53,8/8/2025 7:51
302,8/8/2025 7:53
302,8/8/2025 7:53
191,8/8/2025 7:53
512,8/8/2025 7:55
24,8/8/2025 7:56
129,8/8/2025 7:57
510,8/8/2025 7:58
502,8/8/2025 8:00
3,8/8/2025 8:01
503,8/8/2025 8:01
518,8/8/2025 8:01
78,8/8/2025 8:05
303,8/8/2025 8:08
509,8/8/2025 8:09
506,8/8/2025 8:29
154,8/8/2025 8:39
181,8/8/2025 8:39
517,8/8/2025 8:43
516,8/8/2025 8:47
505,8/8/2025 11:48
508,8/8/2025 11:48
515,8/8/2025 11:50
507,8/8/2025 11:51
503,8/8/2025 11:52
502,8/8/2025 11:52
13,8/8/2025 12:01
78,8/8/2025 12:01
1,8/8/2025 12:01
70,8/8/2025 12:01
70,8/8/2025 12:01
514,8/8/2025 12:01
14,8/8/2025 12:01
518,8/8/2025 12:01
504,8/8/2025 12:01
256,8/8/2025 12:03
579,8/8/2025 12:04
11,8/8/2025 12:04
303,8/8/2025 12:05
302,8/8/2025 12:05
302,8/8/2025 12:05
19,8/8/2025 12:05
129,8/8/2025 12:05
119,8/8/2025 12:06
191,8/8/2025 12:07
191,8/8/2025 12:09
150,8/8/2025 12:09
512,8/8/2025 12:09
181,8/8/2025 12:11
302,8/8/2025 12:11
302,8/8/2025 12:11
303,8/8/2025 12:12
500,8/8/2025 12:12
24,8/8/2025 12:13
503,8/8/2025 12:15
502,8/8/2025 12:15
300,8/8/2025 12:18
1,8/8/2025 12:18
265,8/8/2025 12:18
116,8/8/2025 12:18
42,8/8/2025 12:20
256,8/8/2025 12:21
14,8/8/2025 12:21
119,8/8/2025 12:21
129,8/8/2025 12:22
42,8/8/2025 12:22
507,8/8/2025 12:26
254,8/8/2025 12:27
508,8/8/2025 12:27
505,8/8/2025 12:28
515,8/8/2025 12:28
13,8/8/2025 12:28
154,8/8/2025 12:29
254,8/8/2025 12:31
150,8/8/2025 12:32
506,8/8/2025 12:33
509,8/8/2025 12:33
518,8/8/2025 12:33
504,8/8/2025 12:33
24,8/8/2025 12:36
181,8/8/2025 12:37
3,8/8/2025 12:41
516,8/8/2025 12:42
510,8/8/2025 12:42
509,8/8/2025 12:42
516,8/8/2025 12:43
510,8/8/2025 12:43
512,8/8/2025 12:44
517,8/8/2025 12:45
517,8/8/2025 12:46
265,8/8/2025 12:49
500,8/8/2025 12:49
506,8/8/2025 12:50
78,8/8/2025 12:52
514,8/8/2025 12:52
116,8/8/2025 12:52
126,8/8/2025 12:55
67,8/8/2025 12:56
19,8/8/2025 12:57
154,8/8/2025 12:58
67,8/8/2025 12:59
16,8/8/2025 13:18
16,8/8/2025 13:19
181,8/8/2025 13:48
510,8/8/2025 16:07
516,8/8/2025 16:08
116,8/8/2025 16:13
517,8/8/2025 16:14
42,8/8/2025 16:24
506,8/8/2025 16:40
512,8/8/2025 17:00
505,8/8/2025 17:00
78,8/8/2025 17:00
507,8/8/2025 17:00
502,8/8/2025 17:00
503,8/8/2025 17:00
515,8/8/2025 17:01
19,8/8/2025 17:01
300,8/8/2025 17:01
504,8/8/2025 17:01
500,8/8/2025 17:01
509,8/8/2025 17:01
77,8/8/2025 17:01
150,8/8/2025 17:01
256,8/8/2025 17:01
154,8/8/2025 17:01
518,8/8/2025 17:01
254,8/8/2025 17:02
508,8/8/2025 17:02
13,8/8/2025 17:03
119,8/8/2025 17:03
53,8/8/2025 17:03
129,8/8/2025 17:04
1,8/8/2025 17:05
67,8/8/2025 17:06
303,8/8/2025 17:06
302,8/8/2025 17:06
302,8/8/2025 17:06
126,8/8/2025 17:06
265,8/8/2025 17:06
579,8/8/2025 17:10
119,8/8/2025 17:11
191,8/8/2025 17:13
24,8/8/2025 17:14
24,8/11/2025 6:24
300,8/11/2025 6:45
150,8/11/2025 6:46
508,8/11/2025 6:53
514,8/11/2025 6:53
579,8/11/2025 7:07
307,8/11/2025 7:07
256,8/11/2025 7:07
77,8/11/2025 7:11
181,8/11/2025 7:14
254,8/11/2025 7:14
23,8/11/2025 7:17
129,8/11/2025 7:20
154,8/11/2025 7:20
129,8/11/2025 7:20
19,8/11/2025 7:23
61,8/11/2025 7:23
67,8/11/2025 7:23
148,8/11/2025 7:25
14,8/11/2025 7:28
16,8/11/2025 7:32
126,8/11/2025 7:37
515,8/11/2025 7:37
78,8/11/2025 7:38
510,8/11/2025 7:40
13,8/11/2025 7:40
1,8/11/2025 7:41
119,8/11/2025 7:42
511,8/11/2025 7:44
509,8/11/2025 7:46
70,8/11/2025 7:47
507,8/11/2025 7:47
302,8/11/2025 7:51
302,8/11/2025 7:51
191,8/11/2025 7:53
504,8/11/2025 7:55
500,8/11/2025 7:55
3,8/11/2025 7:58
116,8/11/2025 7:59
513,8/11/2025 8:02
501,8/11/2025 8:03
303,8/11/2025 8:03
53,8/11/2025 8:05
503,8/11/2025 8:06
502,8/11/2025 8:06
518,8/11/2025 8:06
512,8/11/2025 8:12
517,8/11/2025 8:18
506,8/11/2025 8:20
515,8/11/2025 11:41
505,8/11/2025 11:55
507,8/11/2025 11:55
501,8/11/2025 11:55
508,8/11/2025 11:56
514,8/11/2025 11:56
503,8/11/2025 11:58
502,8/11/2025 11:58
500,8/11/2025 12:01
504,8/11/2025 12:01
307,8/11/2025 12:01
16,8/11/2025 12:01
154,8/11/2025 12:01
148,8/11/2025 12:01
509,8/11/2025 12:02
19,8/11/2025 12:03
303,8/11/2025 12:03
302,8/11/2025 12:04
302,8/11/2025 12:04
256,8/11/2025 12:04
70,8/11/2025 12:06
23,8/11/2025 12:06
1,8/11/2025 12:07
150,8/11/2025 12:07
510,8/11/2025 12:07
129,8/11/2025 12:08
61,8/11/2025 12:09
116,8/11/2025 12:10
303,8/11/2025 12:10
302,8/11/2025 12:10
302,8/11/2025 12:10
16,8/11/2025 12:10
119,8/11/2025 12:11
119,8/11/2025 12:12
126,8/11/2025 12:16
61,8/11/2025 12:18
254,8/11/2025 12:18
510,8/11/2025 12:19
300,8/11/2025 12:22
19,8/11/2025 12:26
512,8/11/2025 12:27
512,8/11/2025 12:28
191,8/11/2025 12:30
254,8/11/2025 12:30
181,8/11/2025 12:31
516,8/11/2025 12:31
256,8/11/2025 12:31
24,8/11/2025 12:31
11,8/11/2025 12:31
579,8/11/2025 12:31
503,8/11/2025 12:32
502,8/11/2025 12:32
507,8/11/2025 12:33
500,8/11/2025 12:33
504,8/11/2025 12:33
514,8/11/2025 12:34
579,8/11/2025 12:34
24,8/11/2025 12:34
505,8/11/2025 12:34
508,8/11/2025 12:34
501,8/11/2025 12:35
515,8/11/2025 12:35
1,8/11/2025 12:37
517,8/11/2025 12:38
517,8/11/2025 12:39
150,8/11/2025 12:39
509,8/11/2025 12:40
518,8/11/2025 12:40
506,8/11/2025 12:41
116,8/11/2025 12:41
518,8/11/2025 12:41
511,8/11/2025 12:41
511,8/11/2025 12:42
23,8/11/2025 12:43
506,8/11/2025 12:43
129,8/11/2025 12:43
518,8/11/2025 12:44
119,8/11/2025 12:44
119,8/11/2025 12:44
13,8/11/2025 12:44
300,8/11/2025 12:44
154,8/11/2025 12:46
148,8/11/2025 12:46
14,8/11/2025 12:46
307,8/11/2025 12:46
513,8/11/2025 12:46
181,8/11/2025 12:46
78,8/11/2025 12:48
513,8/11/2025 12:49
512,8/11/2025 12:51
126,8/11/2025 12:53
67,8/11/2025 12:53
78,8/11/2025 12:53
191,8/11/2025 12:55
70,8/11/2025 12:57
67,8/11/2025 12:59
516,8/11/2025 13:03
513,8/11/2025 16:49
510,8/11/2025 16:49
511,8/11/2025 16:49
513,8/11/2025 16:49
516,8/11/2025 16:58
517,8/11/2025 16:58
512,8/11/2025 17:00
501,8/11/2025 17:00
505,8/11/2025 17:00
154,8/11/2025 17:00
181,8/11/2025 17:00
507,8/11/2025 17:00
515,8/11/2025 17:01
500,8/11/2025 17:01
504,8/11/2025 17:01
77,8/11/2025 17:01
514,8/11/2025 17:01
508,8/11/2025 17:01
503,8/11/2025 17:01
502,8/11/2025 17:01
509,8/11/2025 17:01
506,8/11/2025 17:02
518,8/11/2025 17:02
579,8/11/2025 17:02
24,8/11/2025 17:02
148,8/11/2025 17:03
14,8/11/2025 17:03
53,8/11/2025 17:03
19,8/11/2025 17:03
307,8/11/2025 17:03
78,8/11/2025 17:03
254,8/11/2025 17:04
256,8/11/2025 17:04
67,8/11/2025 17:04
11,8/11/2025 17:04
302,8/11/2025 17:04
302,8/11/2025 17:04
303,8/11/2025 17:04
1,8/11/2025 17:05
119,8/11/2025 17:05
61,8/11/2025 17:05
191,8/11/2025 17:05
16,8/11/2025 17:05
13,8/11/2025 17:05
307,8/11/2025 17:06
300,8/11/2025 17:06
126,8/11/2025 17:07
150,8/11/2025 17:10
129,8/11/2025 17:11
70,8/11/2025 17:12
300,8/12/2025 6:43
67,8/12/2025 6:44
256,8/12/2025 7:12
254,8/12/2025 7:16
505,8/12/2025 7:21
265,8/12/2025 7:26
129,8/12/2025 7:27
24,8/12/2025 7:30
508,8/12/2025 7:33
511,8/12/2025 7:35
42,8/12/2025 7:40
126,8/12/2025 7:40
307,8/12/2025 7:40
514,8/12/2025 7:40
53,8/12/2025 7:44
150,8/12/2025 7:44
1,8/12/2025 7:46
14,8/12/2025 7:48
13,8/12/2025 7:49
510,8/12/2025 7:51
191,8/12/2025 7:52
23,8/12/2025 7:53
19,8/12/2025 7:55
119,8/12/2025 7:55
11,8/12/2025 7:56
70,8/12/2025 7:56
503,8/12/2025 7:57
509,8/12/2025 7:57
502,8/12/2025 7:57
16,8/12/2025 7:58
504,8/12/2025 7:58
500,8/12/2025 7:58
78,8/12/2025 7:59
116,8/12/2025 8:00
302,8/12/2025 8:01
302,8/12/2025 8:01
515,8/12/2025 8:04
518,8/12/2025 8:04
501,8/12/2025 8:05
181,8/12/2025 8:07
507,8/12/2025 8:08
513,8/12/2025 8:09
303,8/12/2025 8:10
154,8/12/2025 8:14
512,8/12/2025 8:19
506,8/12/2025 8:25
148,8/12/2025 8:30
517,8/12/2025 8:31
516,8/12/2025 8:43
505,8/12/2025 11:42
515,8/12/2025 11:42
508,8/12/2025 11:50
509,8/12/2025 11:55
502,8/12/2025 11:58
503,8/12/2025 11:59
23,8/12/2025 12:00
254,8/12/2025 12:00
514,8/12/2025 12:00
504,8/12/2025 12:00
500,8/12/2025 12:01
501,8/12/2025 12:01
19,8/12/2025 12:01
518,8/12/2025 12:01
70,8/12/2025 12:02
303,8/12/2025 12:02
302,8/12/2025 12:02
302,8/12/2025 12:02
307,8/12/2025 12:02
16,8/12/2025 12:02
191,8/12/2025 12:02
116,8/12/2025 12:03
506,8/12/2025 12:03
14,8/12/2025 12:03
256,8/12/2025 12:03
148,8/12/2025 12:04
507,8/12/2025 12:05
129,8/12/2025 12:05
119,8/12/2025 12:05
302,8/12/2025 12:05
302,8/12/2025 12:05
78,8/12/2025 12:05
303,8/12/2025 12:06
11,8/12/2025 12:06
154,8/12/2025 12:06
181,8/12/2025 12:07
510,8/12/2025 12:07
511,8/12/2025 12:07
1,8/12/2025 12:08
150,8/12/2025 12:12
16,8/12/2025 12:14
126,8/12/2025 12:15
16,8/12/2025 12:17
265,8/12/2025 12:17
510,8/12/2025 12:18
70,8/12/2025 12:18
24,8/12/2025 12:19
126,8/12/2025 12:19
254,8/12/2025 12:20
256,8/12/2025 12:23
265,8/12/2025 12:24
61,8/12/2025 12:24
61,8/12/2025 12:24
512,8/12/2025 12:25
300,8/12/2025 12:25
129,8/12/2025 12:27
78,8/12/2025 12:35
501,8/12/2025 12:35
506,8/12/2025 12:36
518,8/12/2025 12:36
19,8/12/2025 12:36
503,8/12/2025 12:38
502,8/12/2025 12:38
148,8/12/2025 12:39
119,8/12/2025 12:41
516,8/12/2025 12:42
517,8/12/2025 12:42
517,8/12/2025 12:43
516,8/12/2025 12:43
512,8/12/2025 12:44
513,8/12/2025 12:45
505,8/12/2025 12:49
508,8/12/2025 12:49
154,8/12/2025 12:49
116,8/12/2025 12:49
191,8/12/2025 12:51
300,8/12/2025 12:52
14,8/12/2025 12:52
181,8/12/2025 12:52
307,8/12/2025 12:52
513,8/12/2025 12:53
507,8/12/2025 12:54
61,8/12/2025 12:55
23,8/12/2025 12:56
504,8/12/2025 12:56
500,8/12/2025 12:57
514,8/12/2025 12:57
515,8/12/2025 12:57
19,8/12/2025 12:59
181,8/12/2025 16:30
516,8/12/2025 16:46
511,8/12/2025 16:49
513,8/12/2025 16:49
510,8/12/2025 16:51
517,8/12/2025 16:53
505,8/12/2025 17:00
501,8/12/2025 17:00
502,8/12/2025 17:00
514,8/12/2025 17:00
503,8/12/2025 17:00
512,8/12/2025 17:01
515,8/12/2025 17:01
504,8/12/2025 17:01
507,8/12/2025 17:01
500,8/12/2025 17:01
508,8/12/2025 17:01
19,8/12/2025 17:01
150,8/12/2025 17:02
77,8/12/2025 17:02
14,8/12/2025 17:02
300,8/12/2025 17:02
256,8/12/2025 17:02
307,8/12/2025 17:02
148,8/12/2025 17:03
518,8/12/2025 17:03
506,8/12/2025 17:03
67,8/12/2025 17:04
16,8/12/2025 17:05
42,8/12/2025 17:06
265,8/12/2025 17:06
303,8/12/2025 17:06
126,8/12/2025 17:06
3,8/12/2025 17:07
1,8/12/2025 17:07
116,8/12/2025 17:08
11,8/12/2025 17:08
24,8/12/2025 17:09
119,8/12/2025 17:10
129,8/12/2025 17:10
13,8/12/2025 17:12
53,8/12/2025 17:12
254,8/12/2025 17:12
78,8/12/2025 17:37
302,8/12/2025 17:46
302,8/12/2025 17:46
70,8/12/2025 17:46
70,8/12/2025 17:46
154,8/12/2025 17:48
579,8/12/2025 17:48
191,8/12/2025 17:50
61,8/12/2025 18:04
508,8/13/2025 6:51
508,8/13/2025 6:51
67,8/13/2025 7:03
256,8/13/2025 7:16
300,8/13/2025 7:20
505,8/13/2025 7:22
61,8/13/2025 7:38
307,8/13/2025 7:38
265,8/13/2025 7:39
150,8/13/2025 7:46
14,8/13/2025 7:46
70,8/13/2025 7:48
3,8/13/2025 7:49
13,8/13/2025 7:49
53,8/13/2025 7:49
1,8/13/2025 7:49
510,8/13/2025 7:50
254,8/13/2025 7:50
302,8/13/2025 7:51
302,8/13/2025 7:51
512,8/13/2025 7:53
509,8/13/2025 7:56
129,8/13/2025 7:56
504,8/13/2025 7:59
507,8/13/2025 7:59
506,8/13/2025 8:00
148,8/13/2025 8:03
501,8/13/2025 8:04
116,8/13/2025 8:06
500,8/13/2025 8:07
78,8/13/2025 8:10
515,8/13/2025 8:10
503,8/13/2025 8:10
502,8/13/2025 8:10
19,8/13/2025 8:27
516,8/13/2025 8:43
517,8/13/2025 8:44
154,8/13/2025 8:45
181,8/13/2025 9:18
505,8/13/2025 11:46
515,8/13/2025 11:46
508,8/13/2025 11:46
507,8/13/2025 11:50
502,8/13/2025 11:50
509,8/13/2025 12:01
506,8/13/2025 12:01
503,8/13/2025 12:01
254,8/13/2025 12:04
150,8/13/2025 12:04
514,8/13/2025 12:08
500,8/13/2025 12:08
504,8/13/2025 12:08
1,8/13/2025 12:08
303,8/13/2025 12:08
78,8/13/2025 12:08
19,8/13/2025 12:09
129,8/13/2025 12:09
148,8/13/2025 12:09
181,8/13/2025 12:09
14,8/13/2025 12:10
307,8/13/2025 12:10
154,8/13/2025 12:10
256,8/13/2025 12:10
126,8/13/2025 12:11
265,8/13/2025 12:11
502,8/13/2025 12:11
67,8/13/2025 12:11
503,8/13/2025 12:11
512,8/13/2025 12:14
516,8/13/2025 12:17
516,8/13/2025 12:17
116,8/13/2025 12:20
510,8/13/2025 12:21
510,8/13/2025 12:22
256,8/13/2025 12:29
506,8/13/2025 12:32
509,8/13/2025 12:32
504,8/13/2025 12:32
501,8/13/2025 12:32
505,8/13/2025 12:33
254,8/13/2025 12:33
150,8/13/2025 12:36
129,8/13/2025 12:36
508,8/13/2025 12:36
67,8/13/2025 12:39
514,8/13/2025 12:39
500,8/13/2025 12:40
515,8/13/2025 12:40
1,8/13/2025 12:40
116,8/13/2025 12:40
300,8/13/2025 12:40
507,8/13/2025 12:40
302,8/13/2025 12:42
302,8/13/2025 12:42
78,8/13/2025 12:42
512,8/13/2025 12:42
14,8/13/2025 12:43
148,8/13/2025 12:43
154,8/13/2025 12:43
61,8/13/2025 12:43
579,8/13/2025 12:45
307,8/13/2025 12:46
303,8/13/2025 12:46
501,8/13/2025 12:48
181,8/13/2025 12:48
3,8/13/2025 12:49
265,8/13/2025 12:50
126,8/13/2025 12:50
303,8/13/2025 12:51
302,8/13/2025 12:51
302,8/13/2025 12:51
61,8/13/2025 12:53
19,8/13/2025 12:56
517,8/13/2025 13:21
517,8/13/2025 13:21
516,8/13/2025 16:40
516,8/13/2025 16:40
254,8/13/2025 17:00
148,8/13/2025 17:00
78,8/13/2025 17:00
517,8/13/2025 17:00
501,8/13/2025 17:01
514,8/13/2025 17:01
505,8/13/2025 17:01
500,8/13/2025 17:01
507,8/13/2025 17:01
181,8/13/2025 17:01
154,8/13/2025 17:01
504,8/13/2025 17:01
508,8/13/2025 17:01
515,8/13/2025 17:01
503,8/13/2025 17:01
502,8/13/2025 17:01
512,8/13/2025 17:01
506,8/13/2025 17:01
509,8/13/2025 17:02
70,8/13/2025 17:02
510,8/13/2025 17:02
256,8/13/2025 17:02
53,8/13/2025 17:02
150,8/13/2025 17:03
302,8/13/2025 17:03
302,8/13/2025 17:03
303,8/13/2025 17:03
307,8/13/2025 17:03
14,8/13/2025 17:03
116,8/13/2025 17:04
300,8/13/2025 17:04
13,8/13/2025 17:05
67,8/13/2025 17:07
129,8/13/2025 17:07
126,8/13/2025 17:09
265,8/13/2025 17:09
61,8/13/2025 17:14
508,8/14/2025 6:38
126,8/14/2025 7:22
505,8/14/2025 7:26
510,8/14/2025 7:30
154,8/14/2025 7:31
67,8/14/2025 7:32
300,8/14/2025 7:33
265,8/14/2025 7:34
61,8/14/2025 7:34
514,8/14/2025 7:35
256,8/14/2025 7:36
307,8/14/2025 7:36
181,8/14/2025 7:37
511,8/14/2025 7:38
3,8/14/2025 7:39
254,8/14/2025 7:39
13,8/14/2025 7:45
53,8/14/2025 7:45
515,8/14/2025 7:46
507,8/14/2025 7:46
501,8/14/2025 7:49
70,8/14/2025 7:49
506,8/14/2025 7:53
509,8/14/2025 7:53
19,8/14/2025 7:54
504,8/14/2025 7:54
500,8/14/2025 7:54
129,8/14/2025 7:56
23,8/14/2025 7:56
513,8/14/2025 7:57
78,8/14/2025 7:57
512,8/14/2025 7:58
302,8/14/2025 7:58
302,8/14/2025 7:58
302,8/14/2025 7:58
302,8/14/2025 7:58
303,8/14/2025 8:04
148,8/14/2025 8:07
502,8/14/2025 8:08
503,8/14/2025 8:08
518,8/14/2025 8:24
516,8/14/2025 8:39
517,8/14/2025 9:18
511,8/14/2025 10:47
511,8/14/2025 10:48
517,8/14/2025 11:44
515,8/14/2025 11:49
508,8/14/2025 11:50
507,8/14/2025 11:50
504,8/14/2025 11:59
514,8/14/2025 11:59
500,8/14/2025 12:00
505,8/14/2025 12:00
126,8/14/2025 12:03
265,8/14/2025 12:03
191,8/14/2025 12:03
509,8/14/2025 12:04
501,8/14/2025 12:04
78,8/14/2025 12:05
303,8/14/2025 12:05
61,8/14/2025 12:05
512,8/14/2025 12:06
506,8/14/2025 12:06
518,8/14/2025 12:06
502,8/14/2025 12:06
148,8/14/2025 12:07
503,8/14/2025 12:07
181,8/14/2025 12:07
307,8/14/2025 12:08
23,8/14/2025 12:08
78,8/14/2025 12:10
191,8/14/2025 12:10
254,8/14/2025 12:11
129,8/14/2025 12:13
154,8/14/2025 12:14
506,8/14/2025 12:15
518,8/14/2025 12:15
512,8/14/2025 12:16
265,8/14/2025 12:17
126,8/14/2025 12:17
256,8/14/2025 12:19
19,8/14/2025 12:19
148,8/14/2025 12:22
70,8/14/2025 12:23
509,8/14/2025 12:27
510,8/14/2025 12:27
510,8/14/2025 12:28
256,8/14/2025 12:33
154,8/14/2025 12:35
307,8/14/2025 12:46
181,8/14/2025 12:46
129,8/14/2025 12:49
501,8/14/2025 12:51
508,8/14/2025 12:56
254,8/14/2025 12:56
504,8/14/2025 12:56
505,8/14/2025 12:56
514,8/14/2025 12:56
507,8/14/2025 12:56
19,8/14/2025 12:56
515,8/14/2025 12:56
500,8/14/2025 12:57
303,8/14/2025 13:13
154,8/14/2025 16:10
510,8/14/2025 16:31
181,8/14/2025 17:00
307,8/14/2025 17:00
505,8/14/2025 17:00
501,8/14/2025 17:00
512,8/14/2025 17:00
508,8/14/2025 17:00
303,8/14/2025 17:00
502,8/14/2025 17:00
254,8/14/2025 17:00
504,8/14/2025 17:01
514,8/14/2025 17:01
515,8/14/2025 17:01
500,8/14/2025 17:01
19,8/14/2025 17:01
507,8/14/2025 17:01
509,8/14/2025 17:01
70,8/14/2025 17:02
191,8/14/2025 17:02
256,8/14/2025 17:02
148,8/14/2025 17:02
23,8/14/2025 17:03
506,8/14/2025 17:05
518,8/14/2025 17:05
265,8/14/2025 17:06
129,8/14/2025 17:07
13,8/14/2025 17:09
508,8/15/2025 6:48
510,8/15/2025 7:15
505,8/15/2025 7:18
254,8/15/2025 7:21
181,8/15/2025 7:31
511,8/15/2025 7:31
307,8/15/2025 7:31
256,8/15/2025 7:32
512,8/15/2025 7:33
24,8/15/2025 7:36
67,8/15/2025 7:36
19,8/15/2025 7:36
19,8/15/2025 7:36
501,8/15/2025 7:40
265,8/15/2025 7:44
509,8/15/2025 7:44
78,8/15/2025 7:47
126,8/15/2025 7:48
53,8/15/2025 7:49
13,8/15/2025 7:49
507,8/15/2025 7:50
504,8/15/2025 7:55
500,8/15/2025 7:55
513,8/15/2025 7:56
191,8/15/2025 7:56
303,8/15/2025 7:58
129,8/15/2025 7:59
3,8/15/2025 8:01
514,8/15/2025 8:02
518,8/15/2025 8:02
23,8/15/2025 8:03
70,8/15/2025 8:06
517,8/15/2025 8:11
516,8/15/2025 8:12
16,8/15/2025 8:12
506,8/15/2025 8:17
503,8/15/2025 8:35
502,8/15/2025 8:35
515,8/15/2025 11:52
511,8/15/2025 11:53
516,8/15/2025 11:53
511,8/15/2025 11:54
516,8/15/2025 11:54
510,8/15/2025 11:57
510,8/15/2025 11:58
3,8/15/2025 12:00
505,8/15/2025 12:00
24,8/15/2025 12:01
303,8/15/2025 12:01
501,8/15/2025 12:02
265,8/15/2025 12:04
129,8/15/2025 12:05
256,8/15/2025 12:07
126,8/15/2025 12:09
191,8/15/2025 12:09
70,8/15/2025 12:10
19,8/15/2025 12:10
23,8/15/2025 12:11
514,8/15/2025 12:12
515,8/15/2025 12:12
265,8/15/2025 12:13
509,8/15/2025 12:13
518,8/15/2025 12:15
506,8/15/2025 12:15
507,8/15/2025 12:16
307,8/15/2025 12:17
148,8/15/2025 12:17
181,8/15/2025 12:17
500,8/15/2025 12:19
504,8/15/2025 12:19
129,8/15/2025 12:21
129,8/15/2025 12:21
512,8/15/2025 12:22
501,8/15/2025 12:23
505,8/15/2025 12:23
19,8/15/2025 12:25
508,8/15/2025 12:25
508,8/15/2025 12:25
502,8/15/2025 12:27
503,8/15/2025 12:27
78,8/15/2025 12:28
3,8/15/2025 12:29
16,8/15/2025 12:31
514,8/15/2025 12:32
500,8/15/2025 12:32
507,8/15/2025 12:32
148,8/15/2025 12:32
517,8/15/2025 12:32
517,8/15/2025 12:33
70,8/15/2025 12:36
256,8/15/2025 12:38
254,8/15/2025 12:38
503,8/15/2025 12:39
254,8/15/2025 12:40
502,8/15/2025 12:40
512,8/15/2025 12:45
506,8/15/2025 12:46
509,8/15/2025 12:46
518,8/15/2025 12:46
78,8/15/2025 12:47
23,8/15/2025 12:49
504,8/15/2025 12:50
303,8/15/2025 12:50
181,8/15/2025 12:51
307,8/15/2025 12:51
16,8/15/2025 12:52
191,8/15/2025 12:53
513,8/15/2025 12:55
24,8/15/2025 12:55
513,8/15/2025 12:57
513,8/15/2025 15:21
513,8/15/2025 15:21
511,8/15/2025 15:27
303,8/15/2025 16:34
181,8/15/2025 16:41
307,8/15/2025 16:41
19,8/15/2025 17:01
265,8/15/2025 17:01
256,8/15/2025 17:01
126,8/15/2025 17:01
53,8/15/2025 17:02
70,8/15/2025 17:02
503,8/15/2025 17:02
509,8/15/2025 17:02
508,8/15/2025 17:02
506,8/15/2025 17:02
501,8/15/2025 17:02
518,8/15/2025 17:02
505,8/15/2025 17:02
514,8/15/2025 17:02
510,8/15/2025 17:02
502,8/15/2025 17:02
512,8/15/2025 17:02
507,8/15/2025 17:02
515,8/15/2025 17:02
504,8/15/2025 17:02
500,8/15/2025 17:02
516,8/15/2025 17:02
13,8/15/2025 17:03
129,8/15/2025 17:03
148,8/15/2025 17:03
517,8/15/2025 17:03
78,8/15/2025 17:03
24,8/15/2025 17:04
3,8/15/2025 17:06
191,8/15/2025 17:07
254,8/15/2025 17:08
16,8/15/2025 17:10
254,8/16/2025 7:06
302,8/16/2025 7:20
302,8/16/2025 7:20
579,8/16/2025 8:07
24,8/16/2025 8:08
303,8/16/2025 14:50
302,8/16/2025 14:50
302,8/16/2025 14:50
303,8/16/2025 14:50
254,8/16/2025 17:11
24,8/18/2025 6:45
13,8/18/2025 6:51
256,8/18/2025 7:00
67,8/18/2025 7:09
181,8/18/2025 7:11
150,8/18/2025 7:13
579,8/18/2025 7:14
300,8/18/2025 7:16
77,8/18/2025 7:18
61,8/18/2025 7:22
14,8/18/2025 7:24
78,8/18/2025 7:30
19,8/18/2025 7:33
23,8/18/2025 7:34
265,8/18/2025 7:34
254,8/18/2025 7:35
307,8/18/2025 7:35
129,8/18/2025 7:39
119,8/18/2025 7:39
1,8/18/2025 7:39
154,8/18/2025 7:42
42,8/18/2025 7:46
70,8/18/2025 7:47
510,8/18/2025 7:48
191,8/18/2025 7:50
511,8/18/2025 7:55
303,8/18/2025 8:00
302,8/18/2025 8:01
302,8/18/2025 8:01
148,8/18/2025 8:05
116,8/18/2025 8:06
53,8/18/2025 8:10
503,8/18/2025 8:11
502,8/18/2025 8:11
515,8/18/2025 8:12
518,8/18/2025 8:12
509,8/18/2025 8:12
506,8/18/2025 8:28
516,8/18/2025 8:49
510,8/18/2025 11:34
517,8/18/2025 11:42
517,8/18/2025 11:42
78,8/18/2025 12:00
148,8/18/2025 12:00
14,8/18/2025 12:01
181,8/18/2025 12:01
307,8/18/2025 12:01
154,8/18/2025 12:01
23,8/18/2025 12:02
150,8/18/2025 12:02
515,8/18/2025 12:03
502,8/18/2025 12:03
503,8/18/2025 12:03
303,8/18/2025 12:04
302,8/18/2025 12:04
302,8/18/2025 12:04
191,8/18/2025 12:05
13,8/18/2025 12:05
78,8/18/2025 12:05
24,8/18/2025 12:05
126,8/18/2025 12:05
254,8/18/2025 12:05
265,8/18/2025 12:06
42,8/18/2025 12:07
42,8/18/2025 12:09
254,8/18/2025 12:09
303,8/18/2025 12:09
302,8/18/2025 12:09
302,8/18/2025 12:09
119,8/18/2025 12:10
518,8/18/2025 12:10
506,8/18/2025 12:10
191,8/18/2025 12:10
126,8/18/2025 12:11
265,8/18/2025 12:11
300,8/18/2025 12:11
1,8/18/2025 12:11
19,8/18/2025 12:11
61,8/18/2025 12:13
256,8/18/2025 12:15
67,8/18/2025 12:18
510,8/18/2025 12:20
300,8/18/2025 12:20
150,8/18/2025 12:21
129,8/18/2025 12:23
116,8/18/2025 12:26
181,8/18/2025 12:30
307,8/18/2025 12:30
14,8/18/2025 12:31
148,8/18/2025 12:31
256,8/18/2025 12:31
506,8/18/2025 12:34
518,8/18/2025 12:34
24,8/18/2025 12:35
1,8/18/2025 12:41
515,8/18/2025 12:43
502,8/18/2025 12:43
503,8/18/2025 12:43
507,8/18/2025 12:46
19,8/18/2025 12:48
116,8/18/2025 12:49
129,8/18/2025 12:50
67,8/18/2025 12:50
119,8/18/2025 12:50
154,8/18/2025 12:58
509,8/18/2025 14:07
511,8/18/2025 14:07
516,8/18/2025 14:07
511,8/18/2025 14:07
516,8/18/2025 14:07
509,8/18/2025 14:07
78,8/18/2025 15:27
181,8/18/2025 16:23
516,8/18/2025 16:30
511,8/18/2025 16:30
510,8/18/2025 16:30
517,8/18/2025 16:30
507,8/18/2025 17:00
154,8/18/2025 17:00
503,8/18/2025 17:00
515,8/18/2025 17:00
502,8/18/2025 17:00
256,8/18/2025 17:00
518,8/18/2025 17:01
506,8/18/2025 17:01
509,8/18/2025 17:01
307,8/18/2025 17:01
116,8/18/2025 17:01
1,8/18/2025 17:02
191,8/18/2025 17:02
19,8/18/2025 17:02
150,8/18/2025 17:02
14,8/18/2025 17:02
77,8/18/2025 17:03
148,8/18/2025 17:03
61,8/18/2025 17:05
300,8/18/2025 17:05
303,8/18/2025 17:05
302,8/18/2025 17:06
302,8/18/2025 17:06
13,8/18/2025 17:06
53,8/18/2025 17:06
24,8/18/2025 17:06
254,8/18/2025 17:06
265,8/18/2025 17:07
67,8/18/2025 17:09
23,8/18/2025 17:09
126,8/18/2025 17:09
42,8/18/2025 17:09
119,8/18/2025 17:41
300,8/19/2025 7:12
307,8/19/2025 7:29
24,8/19/2025 7:34
61,8/19/2025 7:34
67,8/19/2025 7:34
13,8/19/2025 7:39
53,8/19/2025 7:39
256,8/19/2025 7:39
265,8/19/2025 7:44
14,8/19/2025 7:44
42,8/19/2025 7:46
126,8/19/2025 7:47
19,8/19/2025 7:50
129,8/19/2025 7:54
1,8/19/2025 7:54
191,8/19/2025 8:00
150,8/19/2025 8:01
70,8/19/2025 8:02
302,8/19/2025 8:04
302,8/19/2025 8:04
302,8/19/2025 8:04
303,8/19/2025 8:06
77,8/19/2025 8:06
3,8/19/2025 8:08
513,8/19/2025 8:14
116,8/19/2025 8:15
78,8/19/2025 8:21
119,8/19/2025 8:22
154,8/19/2025 8:23
511,8/19/2025 8:25
16,8/19/2025 8:32
148,8/19/2025 8:43
181,8/19/2025 8:59
511,8/19/2025 10:58
513,8/19/2025 10:58
23,8/19/2025 12:01
70,8/19/2025 12:01
302,8/19/2025 12:01
302,8/19/2025 12:01
254,8/19/2025 12:01
53,8/19/2025 12:01
24,8/19/2025 12:02
16,8/19/2025 12:02
126,8/19/2025 12:02
265,8/19/2025 12:02
42,8/19/2025 12:02
78,8/19/2025 12:02
148,8/19/2025 12:03
307,8/19/2025 12:03
14,8/19/2025 12:04
181,8/19/2025 12:04
119,8/19/2025 12:04
1,8/19/2025 12:06
300,8/19/2025 12:07
129,8/19/2025 12:09
16,8/19/2025 12:09
3,8/19/2025 12:10
150,8/19/2025 12:10
256,8/19/2025 12:11
116,8/19/2025 12:13
302,8/19/2025 12:13
302,8/19/2025 12:13
78,8/19/2025 12:14
61,8/19/2025 12:14
19,8/19/2025 12:15
303,8/19/2025 12:16
515,8/19/2025 12:19
518,8/19/2025 12:19
1,8/19/2025 12:24
256,8/19/2025 12:26
254,8/19/2025 12:27
116,8/19/2025 12:29
126,8/19/2025 12:29
265,8/19/2025 12:29
154,8/19/2025 12:30
24,8/19/2025 12:30
61,8/19/2025 12:37
14,8/19/2025 12:44
148,8/19/2025 12:44
307,8/19/2025 12:44
181,8/19/2025 12:44
516,8/19/2025 12:46
119,8/19/2025 12:47
129,8/19/2025 12:47
150,8/19/2025 12:48
67,8/19/2025 12:49
303,8/19/2025 12:53
154,8/19/2025 12:54
19,8/19/2025 12:54
23,8/19/2025 12:55
191,8/19/2025 12:57
300,8/19/2025 12:57
191,8/19/2025 12:58
67,8/19/2025 12:59
517,8/19/2025 12:59
506,8/19/2025 13:21
513,8/19/2025 13:32
506,8/19/2025 16:04
518,8/19/2025 16:04
515,8/19/2025 16:04
507,8/19/2025 16:04
517,8/19/2025 16:05
181,8/19/2025 16:30
67,8/19/2025 17:00
154,8/19/2025 17:00
307,8/19/2025 17:01
23,8/19/2025 17:01
3,8/19/2025 17:01
256,8/19/2025 17:01
14,8/19/2025 17:02
148,8/19/2025 17:02
150,8/19/2025 17:02
265,8/19/2025 17:02
70,8/19/2025 17:02
303,8/19/2025 17:04
302,8/19/2025 17:04
302,8/19/2025 17:04
42,8/19/2025 17:04
77,8/19/2025 17:04
78,8/19/2025 17:04
126,8/19/2025 17:05
116,8/19/2025 17:05
300,8/19/2025 17:07
1,8/19/2025 17:07
53,8/19/2025 17:07
13,8/19/2025 17:07
254,8/19/2025 17:08
16,8/19/2025 17:08
129,8/19/2025 17:09
61,8/19/2025 17:43
300,8/20/2025 6:49
307,8/20/2025 7:34
256,8/20/2025 7:36
24,8/20/2025 7:37
42,8/20/2025 7:37
126,8/20/2025 7:37
13,8/20/2025 7:41
265,8/20/2025 7:41
53,8/20/2025 7:41
129,8/20/2025 7:42
254,8/20/2025 7:44
70,8/20/2025 7:51
14,8/20/2025 7:52
19,8/20/2025 7:52
61,8/20/2025 7:52
1,8/20/2025 7:52
302,8/20/2025 7:54
302,8/20/2025 7:54
116,8/20/2025 7:58
191,8/20/2025 7:59
23,8/20/2025 8:00
3,8/20/2025 8:00
150,8/20/2025 8:00
148,8/20/2025 8:08
303,8/20/2025 8:13
16,8/20/2025 8:23
154,8/20/2025 8:35
181,8/20/2025 8:36
67,8/20/2025 10:17
14,8/20/2025 12:01
19,8/20/2025 12:01
191,8/20/2025 12:03
3,8/20/2025 12:04
150,8/20/2025 12:06
254,8/20/2025 12:07
191,8/20/2025 12:08
16,8/20/2025 12:08
116,8/20/2025 12:08
307,8/20/2025 12:08
154,8/20/2025 12:09
148,8/20/2025 12:09
181,8/20/2025 12:10
24,8/20/2025 12:13
16,8/20/2025 12:14
302,8/20/2025 12:15
302,8/20/2025 12:15
129,8/20/2025 12:17
256,8/20/2025 12:18
67,8/20/2025 12:18
42,8/20/2025 12:18
265,8/20/2025 12:18
126,8/20/2025 12:18
53,8/20/2025 12:25
302,8/20/2025 12:25
302,8/20/2025 12:25
24,8/20/2025 12:28
42,8/20/2025 12:28
254,8/20/2025 12:28
23,8/20/2025 12:29
150,8/20/2025 12:29
14,8/20/2025 12:29
126,8/20/2025 12:30
116,8/20/2025 12:30
265,8/20/2025 12:30
53,8/20/2025 12:31
154,8/20/2025 12:34
1,8/20/2025 12:35
148,8/20/2025 12:38
307,8/20/2025 12:38
181,8/20/2025 12:38
256,8/20/2025 12:40
19,8/20/2025 12:40
300,8/20/2025 12:42
1,8/20/2025 12:42
23,8/20/2025 12:46
303,8/20/2025 12:47
61,8/20/2025 12:47
303,8/20/2025 12:50
129,8/20/2025 12:52
61,8/20/2025 12:57
300,8/20/2025 13:00
1,8/20/2025 14:41
61,8/20/2025 16:11
13,8/20/2025 16:46
70,8/20/2025 17:00
154,8/20/2025 17:00
77,8/20/2025 17:01
14,8/20/2025 17:01
256,8/20/2025 17:01
307,8/20/2025 17:01
129,8/20/2025 17:01
19,8/20/2025 17:02
3,8/20/2025 17:02
303,8/20/2025 17:03
302,8/20/2025 17:03
302,8/20/2025 17:03
148,8/20/2025 17:04
53,8/20/2025 17:04
265,8/20/2025 17:04
150,8/20/2025 17:04
300,8/20/2025 17:06
126,8/20/2025 17:06
116,8/20/2025 17:06
67,8/20/2025 17:06
16,8/20/2025 17:08
24,8/20/2025 17:09
191,8/20/2025 17:10
254,8/20/2025 17:10
254,8/21/2025 7:57
254,8/21/2025 17:00
300,8/22/2025 6:53
254,8/22/2025 7:11
300,8/22/2025 7:12
67,8/22/2025 7:40
126,8/22/2025 7:41
265,8/22/2025 7:43
61,8/22/2025 7:44
579,8/22/2025 7:44
256,8/22/2025 7:52
307,8/22/2025 7:52
24,8/22/2025 7:53
119,8/22/2025 7:53
42,8/22/2025 7:56
302,8/22/2025 7:57
302,8/22/2025 7:57
150,8/22/2025 7:59
19,8/22/2025 8:01
191,8/22/2025 8:04
53,8/22/2025 8:27
116,8/22/2025 8:27
148,8/22/2025 8:33
154,8/22/2025 8:38
77,8/22/2025 8:40
254,8/22/2025 12:00
119,8/22/2025 12:02
61,8/22/2025 12:04
154,8/22/2025 12:05
307,8/22/2025 12:05
24,8/22/2025 12:05
53,8/22/2025 12:07
150,8/22/2025 12:10
19,8/22/2025 12:10
302,8/22/2025 12:11
302,8/22/2025 12:11
256,8/22/2025 12:11
61,8/22/2025 12:14
302,8/22/2025 12:15
302,8/22/2025 12:15
300,8/22/2025 12:18
116,8/22/2025 12:19
191,8/22/2025 12:20
256,8/22/2025 12:29
150,8/22/2025 12:35
254,8/22/2025 12:35
24,8/22/2025 12:40
19,8/22/2025 12:44
119,8/22/2025 12:44
307,8/22/2025 12:45
154,8/22/2025 12:47
116,8/22/2025 12:49
300,8/22/2025 12:49
191,8/22/2025 12:53
116,8/22/2025 15:01
300,8/22/2025 15:01
154,8/22/2025 16:54
307,8/22/2025 16:58
148,8/22/2025 17:00
67,8/22/2025 17:00
307,8/22/2025 17:00
265,8/22/2025 17:00
53,8/22/2025 17:00
126,8/22/2025 17:00
61,8/22/2025 17:01
150,8/22/2025 17:01
302,8/22/2025 17:01
302,8/22/2025 17:01
19,8/22/2025 17:01
42,8/22/2025 17:01
256,8/22/2025 17:02
191,8/22/2025 17:03
254,8/22/2025 17:04
119,8/22/2025 17:09
77,8/22/2025 18:07
254,8/25/2025 7:36
254,8/25/2025 17:00
24,8/26/2025 6:25
300,8/26/2025 6:37
256,8/26/2025 7:01
181,8/26/2025 7:15
67,8/26/2025 7:15
579,8/26/2025 7:15
307,8/26/2025 7:18
61,8/26/2025 7:19
254,8/26/2025 7:19
265,8/26/2025 7:25
14,8/26/2025 7:26
150,8/26/2025 7:26
19,8/26/2025 7:27
154,8/26/2025 7:27
129,8/26/2025 7:27
129,8/26/2025 7:28
78,8/26/2025 7:31
116,8/26/2025 7:32
13,8/26/2025 7:35
16,8/26/2025 7:36
148,8/26/2025 7:36
70,8/26/2025 7:37
42,8/26/2025 7:39
191,8/26/2025 7:46
77,8/26/2025 7:48
119,8/26/2025 7:48
11,8/26/2025 7:48
302,8/26/2025 7:53
302,8/26/2025 7:53
302,8/26/2025 7:53
303,8/26/2025 8:02
303,8/26/2025 8:59
14,8/26/2025 12:00
78,8/26/2025 12:01
16,8/26/2025 12:01
61,8/26/2025 12:01
254,8/26/2025 12:01
265,8/26/2025 12:03
307,8/26/2025 12:04
148,8/26/2025 12:04
19,8/26/2025 12:05
78,8/26/2025 12:05
154,8/26/2025 12:05
303,8/26/2025 12:06
302,8/26/2025 12:06
61,8/26/2025 12:06
70,8/26/2025 12:07
24,8/26/2025 12:08
256,8/26/2025 12:08
16,8/26/2025 12:09
191,8/26/2025 12:10
303,8/26/2025 12:12
150,8/26/2025 12:13
70,8/26/2025 12:14
303,8/26/2025 12:14
302,8/26/2025 12:14
302,8/26/2025 12:14
303,8/26/2025 12:17
181,8/26/2025 12:18
14,8/26/2025 12:19
24,8/26/2025 12:21
116,8/26/2025 12:24
300,8/26/2025 12:24
254,8/26/2025 12:31
129,8/26/2025 12:34
119,8/26/2025 12:34
181,8/26/2025 12:35
67,8/26/2025 12:35
265,8/26/2025 12:36
148,8/26/2025 12:36
307,8/26/2025 12:36
23,8/26/2025 12:36
191,8/26/2025 12:42
303,8/26/2025 12:45
256,8/26/2025 12:46
154,8/26/2025 12:48
119,8/26/2025 12:50
129,8/26/2025 12:50
67,8/26/2025 12:50
150,8/26/2025 12:51
116,8/26/2025 13:10
300,8/26/2025 13:13
78,8/26/2025 17:00
256,8/26/2025 17:01
77,8/26/2025 17:01
191,8/26/2025 17:01
19,8/26/2025 17:01
181,8/26/2025 17:01
307,8/26/2025 17:01
154,8/26/2025 17:02
67,8/26/2025 17:02
24,8/26/2025 17:02
254,8/26/2025 17:03
116,8/26/2025 17:03
14,8/26/2025 17:03
150,8/26/2025 17:04
61,8/26/2025 17:04
42,8/26/2025 17:05
70,8/26/2025 17:05
265,8/26/2025 17:05
303,8/26/2025 17:06
302,8/26/2025 17:06
302,8/26/2025 17:06
300,8/26/2025 17:07
13,8/26/2025 17:07
16,8/26/2025 17:07
303,8/26/2025 17:07
119,8/26/2025 17:20
256,8/27/2025 6:55
181,8/27/2025 7:04
24,8/27/2025 7:17
265,8/27/2025 7:30
61,8/27/2025 7:31
300,8/27/2025 7:35
42,8/27/2025 7:36
254,8/27/2025 7:41
19,8/27/2025 7:42
14,8/27/2025 7:44
53,8/27/2025 7:44
307,8/27/2025 7:44
67,8/27/2025 7:45
303,8/27/2025 7:45
303,8/27/2025 7:45
126,8/27/2025 7:45
78,8/27/2025 7:47
150,8/27/2025 7:47
70,8/27/2025 7:51
129,8/27/2025 7:52
303,8/27/2025 7:53
1,8/27/2025 7:55
116,8/27/2025 7:58
77,8/27/2025 8:01
11,8/27/2025 8:01
302,8/27/2025 8:05
302,8/27/2025 8:05
148,8/27/2025 8:07
154,8/27/2025 8:08
191,8/27/2025 8:09
16,8/27/2025 8:20
254,8/27/2025 12:00
78,8/27/2025 12:00
307,8/27/2025 12:01
148,8/27/2025 12:01
181,8/27/2025 12:01
14,8/27/2025 12:01
154,8/27/2025 12:01
300,8/27/2025 12:02
67,8/27/2025 12:02
265,8/27/2025 12:02
126,8/27/2025 12:02
1,8/27/2025 12:03
302,8/27/2025 12:03
303,8/27/2025 12:03
191,8/27/2025 12:03
24,8/27/2025 12:04
116,8/27/2025 12:04
303,8/27/2025 12:05
70,8/27/2025 12:05
78,8/27/2025 12:05
254,8/27/2025 12:07
61,8/27/2025 12:07
16,8/27/2025 12:07
302,8/27/2025 12:08
303,8/27/2025 12:08
302,8/27/2025 12:08
303,8/27/2025 12:08
256,8/27/2025 12:09
19,8/27/2025 12:12
150,8/27/2025 12:12
16,8/27/2025 12:14
126,8/27/2025 12:16
265,8/27/2025 12:16
126,8/27/2025 12:16
67,8/27/2025 12:16
61,8/27/2025 12:19
191,8/27/2025 12:25
303,8/27/2025 12:25
116,8/27/2025 12:30
1,8/27/2025 12:31
42,8/27/2025 12:33
150,8/27/2025 12:34
256,8/27/2025 12:38
19,8/27/2025 12:45
14,8/27/2025 12:45
307,8/27/2025 12:46
148,8/27/2025 12:46
181,8/27/2025 12:46
154,8/27/2025 12:46
42,8/27/2025 12:49
300,8/27/2025 12:57
129,8/27/2025 13:00
129,8/27/2025 13:02
67,8/27/2025 17:00
154,8/27/2025 17:01
78,8/27/2025 17:01
53,8/27/2025 17:01
13,8/27/2025 17:01
77,8/27/2025 17:01
265,8/27/2025 17:01
148,8/27/2025 17:01
181,8/27/2025 17:01
150,8/27/2025 17:01
11,8/27/2025 17:02
307,8/27/2025 17:02
70,8/27/2025 17:02
191,8/27/2025 17:02
16,8/27/2025 17:02
254,8/27/2025 17:02
116,8/27/2025 17:02
256,8/27/2025 17:02
303,8/27/2025 17:02
129,8/27/2025 17:03
303,8/27/2025 17:03
302,8/27/2025 17:03
302,8/27/2025 17:03
42,8/27/2025 17:04
126,8/27/2025 17:04
300,8/27/2025 17:04
61,8/27/2025 17:04
24,8/27/2025 17:05
1,8/27/2025 17:05
129,8/27/2025 17:08
300,8/28/2025 7:03
24,8/28/2025 7:28
254,8/28/2025 7:32
265,8/28/2025 7:38
307,8/28/2025 7:38
53,8/28/2025 7:38
70,8/28/2025 7:39
19,8/28/2025 7:43
256,8/28/2025 7:44
13,8/28/2025 7:44
129,8/28/2025 7:45
150,8/28/2025 7:45
42,8/28/2025 7:47
126,8/28/2025 7:47
14,8/28/2025 7:55
303,8/28/2025 7:55
61,8/28/2025 7:56
11,8/28/2025 7:57
191,8/28/2025 7:58
148,8/28/2025 7:59
116,8/28/2025 8:00
1,8/28/2025 8:03
303,8/28/2025 8:04
302,8/28/2025 8:05
302,8/28/2025 8:05
181,8/28/2025 8:15
154,8/28/2025 8:24
78,8/28/2025 8:42
126,8/28/2025 12:01
265,8/28/2025 12:01
24,8/28/2025 12:01
42,8/28/2025 12:01
67,8/28/2025 12:01
303,8/28/2025 12:02
78,8/28/2025 12:03
254,8/28/2025 12:03
191,8/28/2025 12:04
181,8/28/2025 12:04
61,8/28/2025 12:05
16,8/28/2025 12:05
150,8/28/2025 12:05
129,8/28/2025 12:09
78,8/28/2025 12:09
300,8/28/2025 12:11
116,8/28/2025 12:15
254,8/28/2025 12:15
19,8/28/2025 12:16
256,8/28/2025 12:17
303,8/28/2025 12:21
24,8/28/2025 12:21
307,8/28/2025 12:22
14,8/28/2025 12:22
148,8/28/2025 12:22
154,8/28/2025 12:24
302,8/28/2025 12:34
302,8/28/2025 12:34
303,8/28/2025 12:34
14,8/28/2025 12:35
61,8/28/2025 12:36
256,8/28/2025 12:36
154,8/28/2025 12:39
303,8/28/2025 12:39
303,8/28/2025 12:39
302,8/28/2025 12:39
302,8/28/2025 12:39
129,8/28/2025 12:40
19,8/28/2025 12:45
300,8/28/2025 12:48
150,8/28/2025 12:48
116,8/28/2025 12:48
16,8/28/2025 12:51
42,8/28/2025 12:52
265,8/28/2025 12:52
67,8/28/2025 12:52
126,8/28/2025 12:52
191,8/28/2025 12:54
307,8/28/2025 12:54
148,8/28/2025 12:54
181,8/28/2025 12:56
53,8/28/2025 13:02
67,8/28/2025 17:00
148,8/28/2025 17:00
129,8/28/2025 17:00
126,8/28/2025 17:01
13,8/28/2025 17:01
181,8/28/2025 17:01
129,8/28/2025 17:01
307,8/28/2025 17:01
256,8/28/2025 17:01
256,8/28/2025 17:01
254,8/28/2025 17:02
77,8/28/2025 17:02
24,8/28/2025 17:02
19,8/28/2025 17:02
150,8/28/2025 17:02
78,8/28/2025 17:02
61,8/28/2025 17:02
70,8/28/2025 17:02
14,8/28/2025 17:03
42,8/28/2025 17:03
265,8/28/2025 17:03
303,8/28/2025 17:03
154,8/28/2025 17:04
303,8/28/2025 17:04
302,8/28/2025 17:04
302,8/28/2025 17:04
116,8/28/2025 17:05
300,8/28/2025 17:06
1,8/28/2025 17:06
16,8/28/2025 19:43
300,8/29/2025 7:17
129,8/29/2025 7:17
129,8/29/2025 7:17
307,8/29/2025 7:23
181,8/29/2025 7:28
256,8/29/2025 7:28
256,8/29/2025 7:28
181,8/29/2025 7:28
265,8/29/2025 7:35
24,8/29/2025 7:41
53,8/29/2025 7:45
13,8/29/2025 7:45
14,8/29/2025 7:47
42,8/29/2025 7:54
303,8/29/2025 7:54
254,8/29/2025 7:55
19,8/29/2025 7:55
61,8/29/2025 7:56
1,8/29/2025 7:57
78,8/29/2025 7:58
116,8/29/2025 7:59
302,8/29/2025 7:59
302,8/29/2025 7:59
191,8/29/2025 8:00
303,8/29/2025 8:02
16,8/29/2025 8:02
150,8/29/2025 8:02
70,8/29/2025 8:06
77,8/29/2025 8:51
154,8/29/2025 9:43
307,8/29/2025 12:01
254,8/29/2025 12:01
181,8/29/2025 12:01
24,8/29/2025 12:02
300,8/29/2025 12:07
116,8/29/2025 12:08
70,8/29/2025 12:09
302,8/29/2025 12:09
302,8/29/2025 12:09
303,8/29/2025 12:09
1,8/29/2025 12:09
150,8/29/2025 12:10
254,8/29/2025 12:11
78,8/29/2025 12:12
61,8/29/2025 12:12
191,8/29/2025 12:12
303,8/29/2025 12:13
19,8/29/2025 12:14
256,8/29/2025 12:14
70,8/29/2025 12:15
61,8/29/2025 12:15
303,8/29/2025 12:15
302,8/29/2025 12:15
302,8/29/2025 12:15
191,8/29/2025 12:16
78,8/29/2025 12:19
24,8/29/2025 12:20
303,8/29/2025 12:26
256,8/29/2025 12:28
129,8/29/2025 12:29
42,8/29/2025 12:37
42,8/29/2025 12:39
1,8/29/2025 12:40
300,8/29/2025 12:44
307,8/29/2025 12:45
181,8/29/2025 12:46
150,8/29/2025 12:48
19,8/29/2025 12:52
116,8/29/2025 12:57
13,8/29/2025 13:00
129,8/29/2025 13:01
42,8/29/2025 16:22
181,8/29/2025 16:41
53,8/29/2025 16:58
53,8/29/2025 17:00
265,8/29/2025 17:00
78,8/29/2025 17:01
116,8/29/2025 17:01
14,8/29/2025 17:01
19,8/29/2025 17:01
154,8/29/2025 17:01
254,8/29/2025 17:01
150,8/29/2025 17:01
77,8/29/2025 17:01
70,8/29/2025 17:01
256,8/29/2025 17:02
303,8/29/2025 17:02
307,8/29/2025 17:02
302,8/29/2025 17:03
302,8/29/2025 17:03
61,8/29/2025 17:03
303,8/29/2025 17:03
1,8/29/2025 17:05
129,8/29/2025 17:06
300,8/29/2025 17:07
16,8/29/2025 17:21
191,8/29/2025 17:25
24,8/29/2025 17:25
579,8/29/2025 17:26
